consumer_name,job_count,job_ids
"Rutha Bishop",1,"[1]"
"Katlyn Knapp",2,"[2,437]"
"Otha Green",3,"[3,1499,2449]"
"Olga Gates",2,"[4,408]"
"Sindy Frazier",1,"[5]"
"Marilee Kerr",1,"[6]"
"Malinda Munoz",1,"[7]"
"Paige Fitzgerald",1,"[8]"
"Cecile Alexander",3,"[9,1792,2155]"
"Fay Anderson",2,"[10,84]"
"Vickie Hoffman",2,"[11,1578]"
"Vesta Kerr",1,"[12]"
"Hattie Moore",2,"[13,477]"
"Sonia Rogers",1,"[14]"
"Jama Wheeler",2,"[15,1996]"
"Macy Young",2,"[16,937]"
"Dominique Kerr",2,"[17,3261]"
"Lenna Smith",1,"[18]"
"Alfredo James",2,"[19,229]"
"Morgan Evans",1,"[20]"
"Nellie Padilla",2,"[21,2785]"
"Braden Coleman",1,"[22]"
"Rheta Austin",1,"[23]"
"Effie Chavez",1,"[24]"
"Ida Gardner",1,"[25]"
"Xavier Odom",2,"[26,2743]"
"Maria Hamilton",1,"[27]"
"Fabiola Bailey",1,"[28]"
"June Hart",1,"[29]"
"Isabelle Martin",2,"[30,2510]"
"Latasha Buchanan",1,"[31]"
"Kira Kennedy",1,"[32]"
"Fannie Brown",1,"[33]"
"Roosevelt Norman",3,"[34,467,521]"
"Krysten Hughes",1,"[35]"
"Devorah Reynolds",2,"[36,1503]"
"Angela Orr",1,"[37]"
"Mae Butler",3,"[38,1726,2840]"
"Romona Harmon",3,"[39,351,770]"
"Jasper Stark",2,"[40,2448]"
"Eliza Gomez",1,"[41]"
"Kaycee Leach",1,"[42]"
"Zola Coleman",1,"[43]"
"Alton Dawson",2,"[44,2520]"
"Rosalinda Baldwin",1,"[45]"
"Kristin Marks",3,"[46,129,390]"
"Bernardo Rush",1,"[47]"
"Tabitha Ramirez",2,"[48,1012]"
"Trena Baldwin",2,"[49,317]"
"Lexie Day",2,"[50,1609]"
"Ruthanne Murphy",3,"[51,2006,3086]"
"Tabitha Villarreal",3,"[52,2118,3030]"
"Kathleen Watts",1,"[53]"
"Fannie Snow",3,"[54,2117,3045]"
"Trish Mills",3,"[55,200,3156]"
"Olivia Scott",1,"[56]"
"Emily O'Brien",2,"[57,2496]"
"Mary Bush",1,"[58]"
"Gertrude Parker",2,"[59,2018]"
"Natalie Wong",2,"[60,2946]"
"Imogene Cannon",2,"[61,447]"
"Monique Howard",2,"[62,2071]"
"Tracey Newton",3,"[63,815,3108]"
"Lincoln Doyle",2,"[64,765]"
"Bonnie Rush",1,"[65]"
"Nathalie Sanders",2,"[66,542]"
"Dorothy Harper",1,"[67]"
"Aurore McGuire",3,"[68,1482,2629]"
"Yolanda Fletcher",1,"[69]"
"Vanessa May",2,"[70,2403]"
"Ivory Snow",3,"[71,234,805]"
"Tawanna Stewart",3,"[72,758,2696]"
"Micah Nash",1,"[73]"
"Verna Ritter",3,"[74,371,844]"
"Oleta Trujillo",1,"[75]"
"Gussie Little",1,"[76]"
"Debbie Baldwin",3,"[77,550,3193]"
"Kennedy Lopez",2,"[78,2974]"
"Grace George",1,"[79]"
"Oralia Rogers",1,"[80]"
"Flora Thomas",3,"[81,2196,2923]"
"Ema Watts",3,"[82,660,1385]"
"Amie McKee",2,"[83,327]"
"Nelly Garcia",1,"[85]"
"Kathleen Guzman",1,"[86]"
"Phyllis Curtis",2,"[87,1719]"
"Rachael Sweeney",2,"[88,291]"
"Kathrine Parks",2,"[89,1417]"
"Sonja Todd",3,"[90,596,2938]"
"Natasha Baker",1,"[91]"
"Ozella Oneal",1,"[92]"
"Karina Ramos",1,"[93]"
"Tasha Kline",2,"[94,443]"
"Shari Morrison",3,"[95,2235,2550]"
"Roy Harper",2,"[96,1481]"
"Nannette Adams",2,"[97,3374]"
"Elna Combs",3,"[98,3005,3257]"
"Damian Proctor",1,"[99]"
"Icie McBride",3,"[100,2458,3300]"
"Lexie Little",3,"[101,144,1313]"
"Garland Gray",1,"[102]"
"Gayle Martin",2,"[103,2821]"
"Ardella Duncan",2,"[104,2939]"
"Margot Dawson",1,"[105]"
"Edie Bass",1,"[106]"
"Lakisha Hall",2,"[107,1332]"
"Rogelio Marshall",3,"[108,1593,3202]"
"Felecia Finley",1,"[109]"
"Teresa Vance",3,"[110,726,1537]"
"Yasmin Bailey",3,"[111,948,2512]"
"Valentina Grant",3,"[112,1737,2236]"
"Tawana Cook",1,"[113]"
"Henrietta Barton",1,"[114]"
"Eugene Howard",3,"[115,691,3289]"
"Ivan Graham",2,"[116,1246]"
"Kingston Peck",3,"[117,340,1570]"
"April Page",1,"[118]"
"Mario English",2,"[119,888]"
"Dora Lawson",2,"[120,620]"
"Vera Knapp",2,"[121,1207]"
"Samuel Gates",1,"[122]"
"Delaine Daniels",2,"[123,784]"
"Jama Ross",3,"[124,1832,3225]"
"Maribel Rivera",2,"[125,2289]"
"Georgeann Carlson",1,"[126]"
"Katelyn McLaughlin",2,"[127,787]"
"Aida Johnson",2,"[128,931]"
"Napoleon Daniels",3,"[130,1204,1442]"
"Lauren Perry",3,"[131,1548,2818]"
"Irma Walsh",1,"[132]"
"Manuel Shepherd",3,"[133,576,3341]"
"Jami Davis",1,"[134]"
"Ava Wheeler",2,"[135,1803]"
"Hazel Jenkins",3,"[136,1072,2636]"
"Ruthann Maxwell",2,"[137,2098]"
"Marisol Mendoza",1,"[138]"
"Ernestine Holland",2,"[139,431]"
"Sherry Fry",3,"[140,753,1060]"
"Shirley Flores",2,"[141,333]"
"Hadley Ellis",3,"[142,1274,1685]"
"Kristen Rasmussen",3,"[143,924,1693]"
"Hayden Marshall",2,"[145,3017]"
"Sanford Mendoza",1,"[146]"
"Patsy Kelly",1,"[147]"
"Carolina Gomez",1,"[148]"
"Jacqueline McGuire",2,"[149,3024]"
"Stacey Coleman",1,"[150]"
"Barbara Pollard",3,"[151,1322,2695]"
"Katheryn Potter",3,"[152,421,461]"
"Leann Nguyen",2,"[153,2375]"
"Terra Ramos",3,"[154,273,1298]"
"Marcia Randolph",1,"[155]"
"Lydia Hunt",1,"[156]"
"Eva Dunn",1,"[157]"
"Charlene Zimmerman",2,"[158,1930]"
"Jeanne Noble",1,"[159]"
"Ora Harper",3,"[160,1153,2393]"
"Tricia Wade",3,"[161,277,3313]"
"Kenia Howell",1,"[162]"
"Brooks Bush",2,"[163,1549]"
"Stella Lamb",2,"[164,3266]"
"Ivory Villarreal",3,"[165,816,2712]"
"Minta Young",2,"[166,3320]"
"Norma Diaz",1,"[167]"
"Nathalie Baker",1,"[168]"
"Lacy Harrison",2,"[169,2122]"
"Patricia Bryant",3,"[170,974,1626]"
"Wren Rose",1,"[171]"
"Josefina Price",1,"[172]"
"Exie Robbins",3,"[173,2112,2284]"
"Rosina Buchanan",3,"[174,412,2513]"
"Blanca Payne",3,"[175,2625,3181]"
"Helena Allen",1,"[176]"
"Roma Hansen",3,"[177,769,2469]"
"Verda Valencia",2,"[178,2747]"
"Mari Barnes",3,"[179,534,1117]"
"Maura Lewis",2,"[180,960]"
"Braxton Stark",1,"[181]"
"Pearl Hawkins",2,"[182,2261]"
"Barbara Bell",1,"[183]"
"Lucas Gray",1,"[184]"
"Beverly Bishop",1,"[185]"
"Alyce Leach",2,"[186,1056]"
"Mercedes Dodson",1,"[187]"
"Dian Ford",2,"[188,3028]"
"Kassandra Vasquez",1,"[189]"
"Fannie Frank",1,"[190]"
"Nancie Hayes",1,"[191]"
"Sherwood Gardner",1,"[192]"
"Lorri Graham",1,"[193]"
"Ruth Hart",2,"[194,1810]"
"Angelica Berry",1,"[195]"
"Fannie Page",1,"[196]"
"Kylie Long",2,"[197,910]"
"Sharron Fowler",1,"[198]"
"Bianca Matthews",1,"[199]"
"Nilda Fisher",1,"[201]"
"Demetria Quintero",1,"[202]"
"Doretha Simpson",1,"[203]"
"Oliva York",2,"[204,604]"
"Letha Higgins",2,"[205,562]"
"Kaitlin Bass",2,"[206,2655]"
"Eleanor Howell",1,"[207]"
"Yadira Curtis",1,"[208]"
"Marisol Jordan",2,"[209,3229]"
"Twyla Murphy",2,"[210,697]"
"Maxine Robbins",2,"[211,1747]"
"Kenna Newton",1,"[212]"
"Louise Freeman",1,"[213]"
"Linda Fox",1,"[214]"
"Krystal Parker",1,"[215]"
"Roosevelt Larson",3,"[216,1243,1973]"
"Roslyn Castillo",2,"[217,1435]"
"Jettie Vasquez",2,"[218,539]"
"Tamika Berry",2,"[219,1102]"
"Kelly Stone",3,"[220,1990,2720]"
"Una Tate",1,"[221]"
"Roma Jensen",2,"[222,2192]"
"Guadalupe Keller",3,"[223,1616,1679]"
"Tabitha Holland",2,"[224,3105]"
"Charlene Simmons",2,"[225,1566]"
"Zola Nguyen",3,"[226,1445,1562]"
"Ardith Stevens",2,"[227,3099]"
"Larissa Acosta",1,"[228]"
"Joyce Day",2,"[230,3199]"
"Tyler Alexander",3,"[231,2130,2330]"
"Nell Evans",2,"[232,1166]"
"Mandy Bowman",2,"[233,255]"
"Shanna Lamb",2,"[235,771]"
"Selena Mendoza",2,"[236,1138]"
"Wynona Wade",3,"[237,2324,2335]"
"Ursula Crane",3,"[238,423,1731]"
"Demetria Snyder",2,"[239,2607]"
"Grover Horton",3,"[240,1669,3301]"
"Shelly Oneal",1,"[241]"
"Keeley Stuart",3,"[242,1577,1889]"
"Hope Cole",3,"[243,1599,2849]"
"Louella Walsh",3,"[244,2677,2968]"
"Thelma Jimenez",3,"[245,551,734]"
"Meg Nelson",2,"[246,2539]"
"Janie Griffin",1,"[247]"
"Kaitlin Martinez",3,"[248,370,819]"
"Kathie Gonzales",2,"[249,2465]"
"Riley Sanchez",3,"[250,1306,3183]"
"Alfreda Nguyen",2,"[251,943]"
"Alba Simmons",3,"[252,1297,2630]"
"Lynne Rivera",2,"[253,1950]"
"Frances Summers",3,"[254,263,1925]"
"Ena Lloyd",2,"[256,1583]"
"Ryan Frank",1,"[257]"
"Catherine Foster",2,"[258,3189]"
"Darrel Walker",2,"[259,2592]"
"Nadia Dawson",3,"[260,1260,1928]"
"Summer Hull",2,"[261,1058]"
"Alyssa Simpson",3,"[262,1494,1653]"
"Leslie Hughes",3,"[264,1197,3216]"
"Maye Quinn",2,"[265,3379]"
"Florence Moore",1,"[266]"
"Nicole Gates",1,"[267]"
"Gussie Miles",2,"[268,1063]"
"Otha Barton",3,"[269,1520,2380]"
"Lucinda Valencia",2,"[270,2757]"
"Effie Hayes",1,"[271]"
"Kerrie Reyes",2,"[272,2551]"
"Twila Diaz",1,"[274]"
"Lorena Prince",1,"[275]"
"Noreen Dodson",2,"[276,847]"
"Arlie Jackson",2,"[278,2069]"
"Kingston Ross",1,"[279]"
"Lacy Bryant",2,"[280,2950]"
"Nadia Howard",1,"[281]"
"Jeana Ward",2,"[282,1179]"
"Stella Ruiz",1,"[283]"
"Leland Price",1,"[284]"
"Karan Howell",1,"[285]"
"Lorenza Gates",2,"[286,530]"
"Fabiola Shepherd",2,"[287,1661]"
"Sheena Graham",3,"[288,1168,2912]"
"Lala Odom",2,"[289,1398]"
"Jeannie Weaver",2,"[290,3338]"
"Gussie Yoder",1,"[292]"
"Reva Jenkins",3,"[293,1397,1518]"
"Karissa Castillo",2,"[294,302]"
"Katheryn Coleman",3,"[295,2123,2686]"
"Haley Morgan",1,"[296]"
"Letha Solis",1,"[297]"
"Bette Gutierrez",1,"[298]"
"Cynthia Gates",1,"[299]"
"Myra Flores",2,"[300,1272]"
"Misty Fleming",2,"[301,2557]"
"Jared Edwards",2,"[303,1853]"
"Monica Quinn",2,"[304,2694]"
"Wendi Snow",1,"[305]"
"Dorothy Matthews",2,"[306,914]"
"Bentley Fox",3,"[307,2797,2838]"
"Love Ware",1,"[308]"
"Fran Kerr",1,"[309]"
"Bethany Higgins",1,"[310]"
"Megan Wood",2,"[311,2157]"
"Parthenia Mills",1,"[312]"
"Marisol Wilson",1,"[313]"
"Avelina Lane",1,"[314]"
"Roman Patrick",1,"[315]"
"Oscar Bush",1,"[316]"
"Rae Hernandez",2,"[318,970]"
"Mercedes Livingston",2,"[319,2466]"
"Audie Valencia",2,"[320,1129]"
"Eusebia Kelly",1,"[321]"
"Almina Preston",1,"[322]"
"Belva Santiago",2,"[323,2961]"
"Mae Glover",1,"[324]"
"Princess Berry",1,"[325]"
"Vivian Armstrong",3,"[326,2015,2231]"
"Melodie Kim",2,"[328,1085]"
"Kerri Barnes",3,"[329,1152,1235]"
"Imogene Campbell",3,"[330,2348,2984]"
"Larissa Marshall",1,"[331]"
"Clarissa Ingram",2,"[332,1448]"
"Stephanie Sullivan",1,"[334]"
"Ivory Ingram",3,"[335,1849,2249]"
"Lorrie Hart",2,"[336,1348]"
"Stella York",1,"[337]"
"Trina Munoz",1,"[338]"
"Oliva Stewart",2,"[339,2103]"
"Emely Guzman",1,"[341]"
"Theresa Romero",1,"[342]"
"Roman Howard",2,"[343,490]"
"Elvira Turner",1,"[344]"
"Peggy Warren",1,"[345]"
"Nella Finley",1,"[346]"
"Alvina Orr",2,"[347,448]"
"Belle Cook",2,"[348,741]"
"Patsy Ruiz",1,"[349]"
"Exie Valdez",1,"[350]"
"Janie Newton",3,"[352,433,2995]"
"Sterling Thompson",1,"[353]"
"Susan Gardner",3,"[354,1250,1422]"
"Melanie Patel",1,"[355]"
"Dian Odonnell",2,"[356,1109]"
"Siobhan Pollard",1,"[357]"
"Olivia Glover",1,"[358]"
"Lorenza Reed",1,"[359]"
"Roberta Hammond",2,"[360,1540]"
"Lindsay Cox",3,"[361,1095,1808]"
"Twila Wilson",2,"[362,674]"
"Nilda Martin",1,"[363]"
"Erik Hoffman",1,"[364]"
"Blanche Gibson",1,"[365]"
"Tanya Howell",2,"[366,541]"
"Kathryn Morales",2,"[367,2457]"
"Concepcion Tyler",2,"[368,2429]"
"Lynnette Harper",3,"[369,1852,2921]"
"Mervin Flores",2,"[372,3334]"
"Jeanette Anderson",3,"[373,1795,2045]"
"Stephanie Lewis",3,"[374,752,2326]"
"Mabelle Gutierrez",3,"[375,993,1530]"
"Leilani Romero",2,"[376,1861]"
"Starla Mitchell",1,"[377]"
"Tamika Scott",2,"[378,1077]"
"Alison Wheeler",3,"[379,1510,2671]"
"Pamala Carlson",3,"[380,608,1407]"
"Lillie Hanna",1,"[381]"
"Lindsay Valencia",2,"[382,2233]"
"Kerrie Wallace",1,"[383]"
"Shiela Jones",3,"[384,922,1094]"
"Tena Valencia",1,"[385]"
"Victoria Schneider",1,"[386]"
"Joy Newman",2,"[387,701]"
"Thalia Diaz",3,"[388,1369,2527]"
"Violet Campbell",2,"[389,2753]"
"Cruz Moore",2,"[391,2669]"
"Aaron Dean",3,"[392,587,1029]"
"Oralia Clark",2,"[393,1817]"
"Gabrielle McIntyre",1,"[394]"
"Molly Duran",3,"[395,1051,1708]"
"Letha Wong",3,"[396,1830,2709]"
"Shelia Payne",3,"[397,2729,3337]"
"Roxana Lloyd",1,"[398]"
"Lesa Villarreal",1,"[399]"
"Kiana Poole",1,"[400]"
"Karina Marsh",1,"[401]"
"Mauricio Lindsay",3,"[402,841,2839]"
"Jerlene Smith",3,"[403,1769,1797]"
"Sindy Ellis",1,"[404]"
"Ramonita Campbell",2,"[405,730]"
"Lala Miller",2,"[406,2724]"
"Liz Pate",2,"[407,1148]"
"Hector Kelly",3,"[409,1539,3238]"
"Sandy Kirk",3,"[410,1409,3026]"
"Fredda Phelps",1,"[411]"
"Tamika Preston",2,"[413,601]"
"Alvina Singleton",3,"[414,2981,3307]"
"Rafael Russell",2,"[415,1009]"
"Mason Higgins",2,"[416,3304]"
"Dolly Price",1,"[417]"
"Jewel Bradley",1,"[418]"
"Alysa Daniels",1,"[419]"
"Elsa McLaughlin",1,"[420]"
"Elinor Franklin",1,"[422]"
"Tabitha Howard",2,"[424,3248]"
"Hunter Murray",1,"[425]"
"Jenna Gray",2,"[426,2507]"
"Vicky Frank",2,"[427,1716]"
"Ora Acosta",1,"[428]"
"Ruthie Wyatt",2,"[429,1258]"
"Cooper Edwards",2,"[430,2960]"
"Diamond Duran",1,"[432]"
"Pam Kirk",2,"[434,522]"
"Taryn Conner",1,"[435]"
"Palma Munoz",1,"[436]"
"Leilani Melendez",1,"[438]"
"Francene Hendricks",2,"[439,1644]"
"Yolanda Davis",2,"[440,1455]"
"Sherri Wilkinson",1,"[441]"
"Lisa Harrison",1,"[442]"
"Ghislaine King",3,"[444,2149,2283]"
"Juliette Franklin",1,"[445]"
"Willa Wood",1,"[446]"
"Nadia Martinez",1,"[449]"
"Maudie Hess",1,"[450]"
"Isabella Dodson",1,"[451]"
"Blanche Cline",3,"[452,1891,3076]"
"Jordyn Melendez",3,"[453,563,759]"
"Lenora Anderson",1,"[454]"
"Jane Kennedy",1,"[455]"
"Ariel Bailey",2,"[456,3085]"
"Adrian Kerr",3,"[457,2904,3113]"
"Hattie Robinson",1,"[458]"
"Salome Harper",1,"[459]"
"Leatha Robinson",2,"[460,1960]"
"Maritza Vasquez",1,"[462]"
"Adrian Conner",2,"[463,506]"
"Naomi Bishop",3,"[464,843,1245]"
"Marquita McLaughlin",2,"[465,2713]"
"Maxine Castillo",2,"[466,1532]"
"Monique Sullivan",2,"[468,1334]"
"Mollie Hunt",2,"[469,1107]"
"Delois Alvarez",2,"[470,2874]"
"Ozell Baldwin",1,"[471]"
"Dixie Noble",1,"[472]"
"Oliva Hayes",2,"[473,754]"
"Luna Ellis",1,"[474]"
"Kyla Rivers",3,"[475,1036,2027]"
"Liliana Armstrong",2,"[476,3358]"
"Valerie Evans",1,"[478]"
"Roman Allen",2,"[479,2181]"
"Jean Harper",1,"[480]"
"Hattie Shaffer",3,"[481,2314,2628]"
"Kathleen Coleman",1,"[482]"
"Sunny Oliver",3,"[483,962,3161]"
"Jade Fuller",2,"[484,722]"
"Elliot Banks",2,"[485,3245]"
"Hope Horton",1,"[486]"
"Kirstin Fisher",2,"[487,1110]"
"Elvira Barber",2,"[488,2204]"
"Cathleen Sweeney",1,"[489]"
"Emelia Potter",2,"[491,2004]"
"Rose Edwards",1,"[492]"
"Magdalena Wallace",2,"[493,2397]"
"Tai Gilbert",2,"[494,3373]"
"Eula Terrell",1,"[495]"
"Marquita Reeves",2,"[496,2541]"
"Devorah Robinson",2,"[497,2890]"
"Elaine Woods",1,"[498]"
"Tammy Palmer",1,"[499]"
"Marina Sykes",3,"[500,1120,2134]"
"Armida Reyes",3,"[501,680,818]"
"Emanuel Rasmussen",1,"[502]"
"Elvera Noble",3,"[503,2869,2905]"
"Skylar Terrell",3,"[504,1217,1275]"
"Claudia Butler",1,"[505]"
"Christine Strong",1,"[507]"
"Janie Diaz",1,"[508]"
"Tawanda Hanson",1,"[509]"
"Esteban Hudson",3,"[510,1924,2854]"
"Mary George",1,"[511]"
"Kasey Noble",1,"[512]"
"Caroline Wong",1,"[513]"
"Lottie Grant",1,"[514]"
"Destiny Stevens",1,"[515]"
"Roy Larson",2,"[516,2336]"
"Ralph Kirk",3,"[517,1263,1486]"
"Sadie Berry",1,"[518]"
"Freida Morgan",2,"[519,1248]"
"Viva Orr",2,"[520,3323]"
"Verda Walsh",1,"[523]"
"Rosario Sanchez",1,"[524]"
"Diamond Page",1,"[525]"
"Earleen Evans",2,"[526,3294]"
"Charlotte Phillips",3,"[527,532,1302]"
"Elsa Harper",1,"[528]"
"Katie Payne",3,"[529,1479,1761]"
"Verdie Tate",2,"[531,2311]"
"Kathryn Baldwin",1,"[533]"
"Kai Gutierrez",2,"[535,2191]"
"Carmela Little",2,"[536,1523]"
"Morgan Franklin",2,"[537,911]"
"Leatha Smith",2,"[538,3091]"
"Carl Fisher",1,"[540]"
"Daniella Kerr",2,"[543,3184]"
"Tanisha Reed",1,"[544]"
"Kassandra Maxwell",2,"[545,3177]"
"Katelyn Hawkins",1,"[546]"
"Jenna Gibson",3,"[547,2064,2124]"
"Latasha Odom",2,"[548,2733]"
"Rosario Rhodes",3,"[549,2032,2381]"
"Clarice Nguyen",1,"[552]"
"Domenica Levy",3,"[553,2965,3083]"
"Alice Scott",2,"[554,946]"
"Sonia Benson",1,"[555]"
"Marilyn Cooper",2,"[556,947]"
"Kyla Banks",1,"[557]"
"Fernanda Bennett",3,"[558,1281,2341]"
"Mimi Phelps",1,"[559]"
"Charity Livingston",2,"[560,2090]"
"Winnie Miles",1,"[561]"
"Lindsay Hendricks",1,"[564]"
"Tawana Terrell",1,"[565]"
"Veronica Bass",1,"[566]"
"Livia Benson",2,"[567,3067]"
"Dana Allen",2,"[568,1292]"
"Keri Daniels",3,"[569,1251,1404]"
"Sherwood Duke",1,"[570]"
"Margarette Stewart",3,"[571,907,2220]"
"Zula Butler",2,"[572,1067]"
"Mitzi Stark",2,"[573,695]"
"Star Vaughn",3,"[574,2101,3331]"
"Antoinette Rush",1,"[575]"
"Gracie Scott",2,"[577,2844]"
"Emilia Rasmussen",2,"[578,1176]"
"Eunice Harper",1,"[579]"
"Florence Jackson",1,"[580]"
"Christina Harper",1,"[581]"
"Jillian Norris",1,"[582]"
"Jax Reynolds",3,"[583,2167,2645]"
"Landon Berry",2,"[584,2687]"
"Violet Marks",3,"[585,1923,1955]"
"Buford Oneal",2,"[586,1687]"
"Estelle Salazar",2,"[588,1140]"
"Sybil Stanley",3,"[589,801,3165]"
"Jeanne Alexander",1,"[590]"
"Melodie Hendricks",3,"[591,1257,3197]"
"Denise Thornton",3,"[592,2587,2846]"
"Alonso York",1,"[593]"
"Caden Patrick",2,"[594,832]"
"Loni Parks",3,"[595,1169,3282]"
"Megan Dean",1,"[597]"
"Terresa Monroe",3,"[598,637,968]"
"Adrian Morgan",3,"[599,1776,2504]"
"Fallon Kramer",1,"[600]"
"Karina Romero",2,"[602,1630]"
"Maryanne Gillespie",2,"[603,3362]"
"Audra Randolph",1,"[605]"
"Kristina Winters",2,"[606,1837]"
"Arnita Williamson",3,"[607,2674,2867]"
"Roosevelt Hayes",1,"[609]"
"Kira Butler",1,"[610]"
"Marilee Martinez",1,"[611]"
"Violet Robbins",3,"[612,757,1115]"
"Lydia Webb",2,"[613,3119]"
"Whitney Fletcher",1,"[614]"
"Alana Pratt",3,"[615,1381,2107]"
"Mitzi Moore",2,"[616,1836]"
"Sabrina Harris",1,"[617]"
"Elaine Kennedy",1,"[618]"
"Trudie Pollard",2,"[619,2300]"
"Gena Tate",2,"[621,2262]"
"Loni Fleming",1,"[622]"
"Jan Bradley",3,"[623,2146,2275]"
"Lorri Ortiz",1,"[624]"
"Belva Howard",1,"[625]"
"Summer Fleming",1,"[626]"
"Ellen Trevino",1,"[627]"
"Lisa Johnston",2,"[628,2653]"
"Ardith Cochran",1,"[629]"
"Madalyn Mendoza",2,"[630,1749]"
"Jodie Yoder",3,"[631,1962,3260]"
"Loretta Sanchez",2,"[632,2368]"
"Jann Woods",1,"[633]"
"Belva Kirk",1,"[634]"
"Chanel Hoffman",1,"[635]"
"Nancy Bell",1,"[636]"
"Brynn Gross",3,"[638,1345,1702]"
"Neva Kirk",2,"[639,2751]"
"Maxine Griffin",2,"[640,3041]"
"Hayden Mendez",3,"[641,1647,3291]"
"Daniella Vaughn",1,"[642]"
"Vicky Evans",1,"[643]"
"Rosie Short",2,"[644,1597]"
"Terra Cervantes",1,"[645]"
"Sofia Marks",2,"[646,1756]"
"Mariann Logan",1,"[647]"
"Stacy Goodwin",3,"[648,1387,1918]"
"Lynne Salazar",3,"[649,1432,1705]"
"Bettina Pate",2,"[650,2641]"
"Penni Dean",1,"[651]"
"Audra Watson",1,"[652]"
"Maximiliano Fleming",1,"[653]"
"Alta Rose",3,"[654,873,2002]"
"Lilla Moore",1,"[655]"
"Hoyt Perkins",1,"[656]"
"Lynn Sullivan",1,"[657]"
"Gilda Phillips",1,"[658]"
"Kelsey Maxwell",1,"[659]"
"Lena Rivers",3,"[661,1732,3220]"
"Ellie Hanna",2,"[662,894]"
"Diamond Chavez",3,"[663,2613,2982]"
"Adriana Murray",2,"[664,2786]"
"Merle Odom",1,"[665]"
"Edwina Flores",2,"[666,2517]"
"Tana Klein",2,"[667,1296]"
"Zora Cline",1,"[668]"
"Katlyn Johnston",2,"[669,1016]"
"Wilfredo Terrell",2,"[670,762]"
"Ida Parker",1,"[671]"
"Ula Benson",1,"[672]"
"Yasmin Higgins",2,"[673,1379]"
"Roberta Prince",1,"[675]"
"Madaline Berry",1,"[676]"
"Juanita Wade",1,"[677]"
"Pamela Vasquez",1,"[678]"
"Christie Oneal",3,"[679,1187,2933]"
"Pamela Long",1,"[681]"
"Antonio Wright",2,"[682,782]"
"Emmie Harper",2,"[683,3375]"
"Jeanie Hansen",3,"[684,870,2421]"
"Beulah Cole",1,"[685]"
"Layla Meyer",2,"[686,1366]"
"Evangeline Potter",2,"[687,1338]"
"Devona English",1,"[688]"
"Paula James",1,"[689]"
"Fabiola Finley",2,"[690,2944]"
"Pearlie Jackson",2,"[692,2616]"
"Eric Alexander",1,"[693]"
"Shelby Fitzgerald",3,"[694,764,1219]"
"Maritza Wood",2,"[696,2109]"
"Amy Stout",1,"[698]"
"Marlene Hall",1,"[699]"
"Della Dunn",3,"[700,1405,2446]"
"Elinor Hoffman",1,"[702]"
"Leanna Johnson",3,"[703,724,2586]"
"Maye McGuire",1,"[704]"
"Marinda Oneill",3,"[705,2488,2779]"
"Ivory Sharp",1,"[706]"
"Rodrigo Wallace",1,"[707]"
"Lesa Griffin",2,"[708,1487]"
"Ebonie Patel",1,"[709]"
"Lottie Doyle",3,"[710,780,3148]"
"Denise Martinez",1,"[711]"
"Lucile Combs",1,"[712]"
"Angelia Thomas",1,"[713]"
"Suzanne Jensen",1,"[714]"
"Melodee Lewis",1,"[715]"
"Rosella Mills",1,"[716]"
"Helen Bass",1,"[717]"
"Rosaria Adams",2,"[718,1343]"
"Mariela Ford",2,"[719,1721]"
"Kristie Stark",2,"[720,2810]"
"Matilda Thompson",3,"[721,1160,1340]"
"Aubrey May",1,"[723]"
"Erma Melendez",2,"[725,2125]"
"Lara Allen",1,"[727]"
"Bernadette Rivera",2,"[728,3093]"
"Stella Kline",3,"[729,2742,3298]"
"Shiela Cooper",2,"[731,3250]"
"Mandy Henderson",1,"[732]"
"Ronna Holland",2,"[733,3258]"
"Charity Salazar",1,"[735]"
"Ivory Gardner",1,"[736]"
"Naomi Young",3,"[737,1211,1585]"
"Lucienne Holmes",3,"[738,1229,2685]"
"Melodie McDonald",3,"[739,1666,2337]"
"Ora Logan",1,"[740]"
"Haley Keller",1,"[742]"
"Robbie Butler",2,"[743,1579]"
"Rhea Myers",1,"[744]"
"Fonda Frank",1,"[745]"
"Heather Conner",3,"[746,2084,2489]"
"Krystal McIntyre",3,"[747,872,2807]"
"Mathilda Carroll",3,"[748,1901,2930]"
"Kimberley Wallace",1,"[749]"
"Emery Munoz",1,"[750]"
"Lindsay Banks",3,"[751,1054,1635]"
"Jonathan Smith",1,"[755]"
"Beatrice Lam",2,"[756,2195]"
"Mimi Orr",1,"[760]"
"Donna Fry",3,"[761,1682,2054]"
"Paula Santiago",1,"[763]"
"Rhoda Murphy",3,"[766,2061,2244]"
"Alejandro Hall",2,"[767,981]"
"Marley White",2,"[768,1419]"
"Pam Murphy",3,"[772,2836,3280]"
"Ola Odom",2,"[773,2282]"
"Mitzi Guzman",1,"[774]"
"Marcia Hanson",1,"[775]"
"Coleen Kim",1,"[776]"
"Micaela Gilbert",1,"[777]"
"Mabel Randolph",2,"[778,2556]"
"Felicity Cook",1,"[779]"
"Juliana Harmon",1,"[781]"
"Hannah Duke",2,"[783,2727]"
"Lindsay Hanson",3,"[785,1926,2941]"
"Kristal Castillo",1,"[786]"
"Concepcion Burns",3,"[788,1625,2533]"
"Katie Livingston",2,"[789,1393]"
"Virgie Sullivan",3,"[790,2349,2750]"
"Starla Mendez",2,"[791,1173]"
"Freda Crane",3,"[792,1037,1399]"
"Valeria Stark",1,"[793]"
"Sherwood Lopez",2,"[794,2264]"
"Judy Anderson",3,"[795,2555,3002]"
"Junie Cole",1,"[796]"
"Leo Patterson",2,"[797,1194]"
"Lucinda Franklin",2,"[798,3069]"
"Rosalinda Hamilton",1,"[799]"
"Kira Gutierrez",1,"[800]"
"Dina Williamson",1,"[802]"
"Aileen Cannon",1,"[803]"
"Manuel Powell",2,"[804,879]"
"Lavada Buchanan",1,"[806]"
"Casandra Hull",1,"[807]"
"Drew Hill",2,"[808,1062]"
"Latanya Odom",1,"[809]"
"Shari Rose",3,"[810,891,2274]"
"Nila Adams",1,"[811]"
"Jacqueline Hamilton",2,"[812,3297]"
"Addison Lee",2,"[813,3014]"
"Brandi Paul",1,"[814]"
"Ruth Barker",1,"[817]"
"Arletta Mack",1,"[820]"
"Stefanie Quinn",2,"[821,1683]"
"Terrell Graham",1,"[822]"
"Janet Patrick",3,"[823,994,3203]"
"Viola Reynolds",1,"[824]"
"Sindy Rhodes",1,"[825]"
"Lucas Santiago",2,"[826,2402]"
"Ella Hoffman",1,"[827]"
"Oma Norman",1,"[828]"
"Adolfo Watson",2,"[829,2650]"
"Lolita James",2,"[830,2719]"
"Emilee Larson",2,"[831,3302]"
"Juliana Weaver",1,"[833]"
"Lizeth Romero",3,"[834,909,2847]"
"Amie Johnson",1,"[835]"
"Stephanie Valdez",1,"[836]"
"Flossie Thomas",1,"[837]"
"Catherine Buchanan",2,"[838,3031]"
"Salome Floyd",1,"[839]"
"Della Watson",2,"[840,3003]"
"Liz Woods",1,"[842]"
"Rosia Cruz",1,"[845]"
"Tim Hanson",1,"[846]"
"Isabel Moore",1,"[848]"
"Jill Robbins",1,"[849]"
"Janis Phelps",2,"[850,2178]"
"Zelma McKee",1,"[851]"
"Aurora Guerrero",1,"[852]"
"Sandra Jordan",2,"[853,889]"
"Penni Lindsay",2,"[854,1394]"
"Bentley Cross",2,"[855,3221]"
"Lelia Turner",1,"[856]"
"Cleo English",2,"[857,3100]"
"Queen Reeves",1,"[858]"
"Sandy Rhodes",2,"[859,1631]"
"Brandon Graham",2,"[860,880]"
"Otha Ware",1,"[861]"
"Xenia Conner",2,"[862,2353]"
"Brenda Nelson",2,"[863,1276]"
"Wesley Weaver",2,"[864,2967]"
"May Berry",3,"[865,1735,1975]"
"Rosamond Zimmerman",1,"[866]"
"Bernetta Clark",1,"[867]"
"Gussie Sykes",1,"[868]"
"Melodie Taylor",1,"[869]"
"Jimmy Peterson",3,"[871,2190,2618]"
"Nettie Fox",3,"[874,1658,2200]"
"Grover Logan",2,"[875,3180]"
"Leora Ramirez",1,"[876]"
"Vilma Morgan",3,"[877,1450,1496]"
"Denise McIntyre",1,"[878]"
"Mollie Bailey",2,"[881,1984]"
"Sara Lindsay",1,"[882]"
"Amy Phelps",1,"[883]"
"Summer Short",1,"[884]"
"Peggy Stanley",1,"[885]"
"Winter Newton",2,"[886,3350]"
"Irma Gibson",1,"[887]"
"Daina Thornton",1,"[890]"
"Inez Day",1,"[892]"
"Arturo Santiago",2,"[893,1696]"
"Jayne Woods",3,"[895,929,1430]"
"Alyssa Gillespie",1,"[896]"
"Lawanda Cox",2,"[897,1533]"
"Paisley Miles",2,"[898,2564]"
"Jana Dean",2,"[899,1637]"
"Mimi Hernandez",2,"[900,1081]"
"Pearl Gardner",1,"[901]"
"Diamond Simmons",3,"[902,2351,2399]"
"Sue Robinson",2,"[903,2080]"
"Mari Acosta",2,"[904,1154]"
"Camila Griffin",1,"[905]"
"Pennie Odonnell",1,"[906]"
"Janessa Fuller",2,"[908,2583]"
"Reba English",3,"[912,1509,1822]"
"Dennis Gardner",1,"[913]"
"Nestor Rogers",2,"[915,1986]"
"Icy Walsh",1,"[916]"
"Rachel Collins",2,"[917,2832]"
"Celia Sanders",1,"[918]"
"Lane Fowler",2,"[919,2545]"
"Finn Wallace",2,"[920,3159]"
"Etta Higgins",2,"[921,3101]"
"Elaina Duke",2,"[923,2979]"
"Roseanne Turner",2,"[925,2917]"
"Wendi Holland",2,"[926,1125]"
"Rita Sweeney",1,"[927]"
"Grace Collins",1,"[928]"
"Shelia Brown",1,"[930]"
"Odessa Ingram",1,"[932]"
"Hailey Hale",1,"[933]"
"Matilda Ingram",1,"[934]"
"Linus Ingram",2,"[935,2392]"
"Brooks Gibson",2,"[936,956]"
"Eleanor Rose",1,"[938]"
"Katelyn Goodwin",2,"[939,1057]"
"Wilma Greene",1,"[940]"
"Ramonita West",1,"[941]"
"Chase Berry",1,"[942]"
"Lindsey Trujillo",2,"[944,1497]"
"Derek Harris",1,"[945]"
"Rosella Barton",1,"[949]"
"Gwen Jackson",1,"[950]"
"Maybelle Pollard",2,"[951,2450]"
"Maddison Hoffman",2,"[952,2030]"
"Debrah Gibson",1,"[953]"
"Lashanda Ruiz",3,"[954,1866,2328]"
"Autumn Morgan",1,"[955]"
"Oma Barnes",2,"[957,1668]"
"Kaitlyn O'Brien",1,"[958]"
"Alexandra Baker",2,"[959,2203]"
"Sergio Ross",1,"[961]"
"Pansy Baker",2,"[963,2837]"
"Corey Peterson",3,"[964,2455,3009]"
"Marilyn Maxwell",2,"[965,1511]"
"Ezra Maxwell",1,"[966]"
"Deirdre Baldwin",3,"[967,1131,3157]"
"Sandra Rivera",2,"[969,3317]"
"Judy Preston",2,"[971,1053]"
"Fabian Hansen",1,"[972]"
"Emma Noble",1,"[973]"
"Emely Hull",1,"[975]"
"Delcie McKee",1,"[976]"
"Damaris Zimmerman",1,"[977]"
"Rachael Hanna",1,"[978]"
"Nadia Harper",1,"[979]"
"Janis Reynolds",1,"[980]"
"Kaye Proctor",1,"[982]"
"Nannette Newton",1,"[983]"
"Graciela Collins",3,"[984,1506,2903]"
"Maegan Wood",2,"[985,1346]"
"Blanche Harmon",3,"[986,2033,3171]"
"Zelda Lindsay",1,"[987]"
"Peggy Parker",1,"[988]"
"Hattie Oneill",2,"[989,2472]"
"Mollie Oneill",2,"[990,1307]"
"Griselda Franklin",2,"[991,1389]"
"Stacia Glover",3,"[992,1091,2475]"
"Kara West",2,"[995,2493]"
"Nila Morrison",2,"[996,2010]"
"Jerry Davis",3,"[997,1068,2212]"
"Juanita Nelson",2,"[998,2227]"
"Fatima Oneal",3,"[999,1957,2395]"
"Thalia Jackson",2,"[1000,3015]"
"Estelle Glover",2,"[1001,2662]"
"Milagros McBride",2,"[1002,1324]"
"Betty Murray",2,"[1003,2186]"
"Trevor Lam",1,"[1004]"
"Hellen Short",1,"[1005]"
"Damaris Munoz",3,"[1006,1097,2385]"
"Lenora Randolph",3,"[1007,1186,1569]"
"Georgiana Marks",1,"[1008]"
"Ethelyn Robinson",1,"[1010]"
"Elaine Patterson",1,"[1011]"
"Alexandra Horton",1,"[1013]"
"Lauri Logan",3,"[1014,1228,3223]"
"Oscar Vance",2,"[1015,1771]"
"Lizette Miller",1,"[1017]"
"Nancie McLaughlin",2,"[1018,2287]"
"Mayme Larsen",1,"[1019]"
"Peggy Stark",1,"[1020]"
"Louisa Simpson",2,"[1021,1841]"
"Devona Sanders",2,"[1022,2442]"
"Mia Morgan",1,"[1023]"
"Janell Stewart",2,"[1024,2826]"
"Jade Flores",1,"[1025]"
"Lynn Alexander",1,"[1026]"
"Princess Barker",3,"[1027,1910,2769]"
"Ardeth Bowman",2,"[1028,2250]"
"Sherry Fleming",1,"[1030]"
"Dominique Stuart",1,"[1031]"
"Sarah Guzman",2,"[1032,2160]"
"Willa Chavez",1,"[1033]"
"Nan Burns",3,"[1034,2216,2366]"
"Arlyne Bryant",1,"[1035]"
"Katlyn Wallace",1,"[1038]"
"Lacey Daniels",2,"[1039,1954]"
"Buford Ellis",1,"[1040]"
"Sarah Ross",2,"[1041,1227]"
"Dolly Wright",3,"[1042,2357,2754]"
"Maye Stone",2,"[1043,2768]"
"Yadira Peck",2,"[1044,2584]"
"Ebony Murray",1,"[1045]"
"Elia Fletcher",2,"[1046,1580]"
"Reid Valencia",1,"[1047]"
"Easter Richardson",2,"[1048,1066]"
"Rachael Cook",2,"[1049,1512]"
"Hunter Buchanan",2,"[1050,2378]"
"Leticia Barton",3,"[1052,1351,2499]"
"Kira Kerr",3,"[1055,2162,2631]"
"Felix Pierce",3,"[1059,1415,3036]"
"Antonette Sanders",1,"[1061]"
"Lorna Lam",1,"[1064]"
"Betty Freeman",2,"[1065,2835]"
"Raina Cross",3,"[1069,2614,3275]"
"Hayden Parks",3,"[1070,1762,2063]"
"Elaine Ford",3,"[1071,1606,3259]"
"Paulette Gilbert",3,"[1073,1360,2189]"
"Preston Bailey",3,"[1074,1164,2585]"
"Sandra Kerr",1,"[1075]"
"Lyla Knapp",3,"[1076,2003,2579]"
"Zora Dunn",3,"[1078,1304,1896]"
"Pearl Singleton",1,"[1079]"
"Karin Bass",1,"[1080]"
"Tilda Hamilton",1,"[1082]"
"Carissa Larson",3,"[1083,1171,2022]"
"Brenda Watts",2,"[1084,1893]"
"Narcissa Cochran",1,"[1086]"
"Tammy Berry",1,"[1087]"
"Adolfo Walsh",1,"[1088]"
"Shelby Morgan",3,"[1089,1305,2591]"
"Lina Gardner",2,"[1090,2954]"
"Ashley Johnson",1,"[1092]"
"Macy Nguyen",3,"[1093,1710,1939]"
"Selina Barton",1,"[1096]"
"Elsa Solis",2,"[1098,2382]"
"Jean Peterson",1,"[1099]"
"Ladonna Watts",2,"[1100,2511]"
"Deirdre Glover",1,"[1101]"
"Pandora Duran",2,"[1103,1600]"
"Mae George",2,"[1104,2321]"
"Hollie Campbell",1,"[1105]"
"Ivory Poole",1,"[1106]"
"Alice Gardner",1,"[1108]"
"Lucinda Rose",2,"[1111,1701]"
"Dee Brown",2,"[1112,1715]"
"Rita Odom",1,"[1113]"
"Monika Barnes",3,"[1114,2907,3035]"
"Angelia Hernandez",2,"[1116,2801]"
"Josiah McGuire",3,"[1118,2386,3284]"
"Roma Ward",1,"[1119]"
"Devon Prince",1,"[1121]"
"Tonia Cooper",3,"[1122,1469,3042]"
"Sasha Hendricks",2,"[1123,1589]"
"Hayley Foster",1,"[1124]"
"Jenna Ramos",2,"[1126,3231]"
"Catalina George",2,"[1127,2246]"
"Maegan Padilla",3,"[1128,1262,2848]"
"Cruz Baldwin",3,"[1130,2966,3107]"
"Freida Valdez",1,"[1132]"
"Lauren Bass",2,"[1133,1995]"
"Carolina Maxwell",1,"[1134]"
"Sheila Winters",2,"[1135,1386]"
"Cristina Reynolds",2,"[1136,1780]"
"Danyell Cooper",1,"[1137]"
"Belle McBride",1,"[1139]"
"Taryn Combs",2,"[1141,1611]"
"Susie Wells",1,"[1142]"
"Ouida Ward",2,"[1143,1827]"
"Juanita Zimmerman",2,"[1144,3175]"
"Manuela Bowman",1,"[1145]"
"Arlyne Hernandez",1,"[1146]"
"Marlena Hawkins",1,"[1147]"
"Marinda Harvey",1,"[1149]"
"Marguerite Maxwell",2,"[1150,2254]"
"Cecelia Stephens",2,"[1151,1278]"
"Lilla Odom",3,"[1155,1285,2989]"
"Philip Reynolds",1,"[1156]"
"Junie Valdez",2,"[1157,1788]"
"Linda Romero",2,"[1158,2882]"
"Dena Gillespie",2,"[1159,2298]"
"Keri Randolph",1,"[1161]"
"Kelsi Cruz",1,"[1162]"
"Alana King",2,"[1163,1821]"
"Elmira Oneill",2,"[1165,2116]"
"Marina Combs",2,"[1167,2570]"
"Forrest Duncan",3,"[1170,1867,2790]"
"Luna Cole",1,"[1172]"
"Suzette Oneal",2,"[1174,1627]"
"Siobhan Combs",3,"[1175,1425,2062]"
"Octavia Meyer",1,"[1177]"
"Dorathy Hernandez",1,"[1178]"
"Zachary Sweeney",3,"[1180,1277,2651]"
"Kesha Hill",2,"[1181,2925]"
"Alyssa Hill",1,"[1182]"
"Tonia Harper",1,"[1183]"
"Windy Gordon",1,"[1184]"
"Diane Thomas",2,"[1185,2852]"
"Linda Rhodes",2,"[1188,1333]"
"Amelia Rush",1,"[1189]"
"Dorotha Kennedy",1,"[1190]"
"Lucie Melendez",2,"[1191,1915]"
"Kenya Murray",2,"[1192,2161]"
"Jennifer Martin",1,"[1193]"
"Tanesha McBride",1,"[1195]"
"Luella Gallagher",1,"[1196]"
"Gena Lopez",1,"[1198]"
"Sheena Lam",1,"[1199]"
"Jena Lynch",2,"[1200,2725]"
"Georgann Thompson",3,"[1201,1813,2043]"
"Juliana Ortiz",2,"[1202,2315]"
"Norbert Bowman",2,"[1203,1689]"
"Beatrice Trujillo",2,"[1205,3364]"
"Lorene York",1,"[1206]"
"Ruth Ware",2,"[1208,2717]"
"Earline Vaughn",3,"[1209,2506,3326]"
"Ivana Gutierrez",2,"[1210,2039]"
"Geneva Jensen",2,"[1212,1966]"
"Ardella Howard",1,"[1213]"
"Susann Munoz",1,"[1214]"
"Elsa Leach",2,"[1215,2892]"
"Nikki Rogers",1,"[1216]"
"Irene Poole",1,"[1218]"
"Meta Ramirez",2,"[1220,2514]"
"Delores Quintero",3,"[1221,2051,2764]"
"Raphael Morris",1,"[1222]"
"Margret Patterson",1,"[1223]"
"Diamond Barton",1,"[1224]"
"Juliet Oliver",1,"[1225]"
"Ruthe Stephens",2,"[1226,2142]"
"Lauri Meyer",1,"[1230]"
"Kaitlyn Cline",2,"[1231,1757]"
"Kristie Wilson",1,"[1232]"
"Braden Livingston",3,"[1233,1804,2952]"
"Channie Simpson",3,"[1234,1382,1763]"
"Tracey Lynch",1,"[1236]"
"Marquita Dennis",2,"[1237,2092]"
"Sierra Maldonado",1,"[1238]"
"Marley Garcia",1,"[1239]"
"Carla Wilkinson",2,"[1240,1880]"
"Kathaleen Lawson",1,"[1241]"
"Rachel Rose",2,"[1242,2538]"
"Kiana Valencia",1,"[1244]"
"Annie Cole",1,"[1247]"
"Rosario Gates",1,"[1249]"
"Rachael Hale",1,"[1252]"
"Layla Vasquez",1,"[1253]"
"Thelma Cochran",3,"[1254,2627,3116]"
"Lidia Fleming",1,"[1255]"
"Gloria Zimmerman",2,"[1256,3058]"
"Ida Ingram",1,"[1259]"
"Daisy Bailey",1,"[1261]"
"Caitlyn Oliver",1,"[1264]"
"Icy Reeves",2,"[1265,1970]"
"Yvonne Solis",1,"[1266]"
"Jada Ruiz",1,"[1267]"
"Ozella Todd",1,"[1268]"
"Candace Palmer",1,"[1269]"
"Kristen Daniels",2,"[1270,2576]"
"Carly Cross",1,"[1271]"
"Pam Cochran",2,"[1273,2805]"
"Charlotte Price",1,"[1279]"
"Mae Kirk",2,"[1280,2595]"
"Marguerite Ritter",2,"[1282,1299]"
"Carmen Garcia",1,"[1283]"
"Petra Butler",1,"[1284]"
"Bertha Sanchez",1,"[1286]"
"Glinda McDaniel",1,"[1287]"
"Ryan Klein",2,"[1288,1358]"
"Hildegard Valencia",1,"[1289]"
"Eden Proctor",1,"[1290]"
"Phyllis Salazar",2,"[1291,2286]"
"Roslyn Robinson",1,"[1293]"
"Graciela Taylor",2,"[1294,1414]"
"Marcia Curtis",2,"[1295,1958]"
"Libby Snyder",1,"[1300]"
"Kathaleen McIntyre",1,"[1301]"
"Karen Thomas",1,"[1303]"
"Charleen Dennis",1,"[1308]"
"Judi Tyler",3,"[1309,1659,3360]"
"Melodie Larsen",1,"[1310]"
"Ines Greene",1,"[1311]"
"Gena Fuller",1,"[1312]"
"Audie Snyder",2,"[1314,2523]"
"May Howard",1,"[1315]"
"Roslyn Randolph",2,"[1316,3163]"
"Brenda Short",1,"[1317]"
"Effie Cruz",1,"[1318]"
"Lacie McGuire",2,"[1319,2522]"
"Marilou King",1,"[1320]"
"Ardith Dean",2,"[1321,3066]"
"Belva Bryant",1,"[1323]"
"Chloe Thompson",1,"[1325]"
"Star Marshall",1,"[1326]"
"Vilma Harvey",1,"[1327]"
"Inez Richardson",1,"[1328]"
"Lisa Powell",1,"[1329]"
"Lue Patrick",3,"[1330,1341,1536]"
"Kelli Cannon",2,"[1331,2771]"
"Ula Duran",1,"[1335]"
"Yesenia Reed",1,"[1336]"
"Gerry Rose",2,"[1337,2878]"
"Delois Duncan",1,"[1339]"
"Marylou Graham",2,"[1342,2664]"
"Christina Orr",1,"[1344]"
"Nannette Rivers",1,"[1347]"
"Joni Roberts",1,"[1349]"
"Palma Mullen",3,"[1350,1876,2678]"
"Jimmy Torres",1,"[1352]"
"Nadia Fox",1,"[1353]"
"Brooke Wilson",2,"[1354,3104]"
"Fran Ramirez",2,"[1355,2453]"
"Ardelle Spencer",1,"[1356]"
"Christina McLaughlin",1,"[1357]"
"Amelia Mills",1,"[1359]"
"Rosamond McBride",1,"[1361]"
"Colton Hansen",1,"[1362]"
"Chloe English",1,"[1363]"
"Tyesha Chavez",1,"[1364]"
"Emilie Vance",2,"[1365,2141]"
"Tiffany Conner",1,"[1367]"
"Griselda Baldwin",2,"[1368,2891]"
"Gaye Bush",2,"[1370,3102]"
"Ashley Quinn",2,"[1371,2909]"
"Essie Warren",2,"[1372,1993]"
"Salome Quinn",2,"[1373,2374]"
"Ethel English",1,"[1374]"
"Shanna Phelps",2,"[1375,2659]"
"Letha Wilkinson",3,"[1376,1628,3322]"
"Keshia Mendoza",1,"[1377]"
"Roxane Hendricks",1,"[1378]"
"Ida Harmon",2,"[1380,3344]"
"Mariela Bennett",1,"[1383]"
"Betty Perez",1,"[1384]"
"Avery Wallace",1,"[1388]"
"Dina Thomas",2,"[1390,2922]"
"Kate Buchanan",1,"[1391]"
"Fernanda Vance",2,"[1392,2269]"
"Jennifer Peterson",2,"[1395,3244]"
"Tessa Brown",1,"[1396]"
"David Woods",1,"[1400]"
"Jan Barnes",1,"[1401]"
"Emma Larsen",1,"[1402]"
"Vita Maldonado",1,"[1403]"
"Gabriella Martinez",2,"[1406,2016]"
"Goldie McBride",2,"[1408,3065]"
"Yadira Rush",1,"[1410]"
"Payton Barton",1,"[1411]"
"Roseanne Ruiz",2,"[1412,3061]"
"Bianca Phillips",1,"[1413]"
"Brooklyn Newton",2,"[1416,1968]"
"Nancie Gates",1,"[1418]"
"Francene McKee",1,"[1420]"
"Tai Doyle",2,"[1421,2824]"
"Rosamond Higgins",1,"[1423]"
"Dolores Summers",1,"[1424]"
"Tiana Salazar",2,"[1426,1980]"
"Sibyl Meyer",2,"[1427,1477]"
"Nanci Wade",1,"[1428]"
"Shiela Preston",1,"[1429]"
"Lacy Ward",1,"[1431]"
"Susanna Rhodes",1,"[1433]"
"Griselda Wyatt",3,"[1434,1524,3115]"
"Michele Maxwell",1,"[1436]"
"Rowena Mendoza",2,"[1437,1489]"
"Jana Fitzgerald",1,"[1438]"
"Autumn Lopez",1,"[1439]"
"Socorro Holland",2,"[1440,2237]"
"Sharron Kirk",1,"[1441]"
"Jennifer Cross",2,"[1443,2734]"
"Roxane Hanson",2,"[1444,2772]"
"Mabel Henderson",2,"[1446,2183]"
"Ozella Ramirez",2,"[1447,2376]"
"Tania Sanders",1,"[1449]"
"Lauren Johnston",1,"[1451]"
"Beatrice Carr",1,"[1452]"
"Haley Glover",1,"[1453]"
"Kathrine Gomez",2,"[1454,2521]"
"Lucienne Wong",1,"[1456]"
"Katlyn Trujillo",2,"[1457,2578]"
"Carolyn Harvey",1,"[1458]"
"Willa Thompson",1,"[1459]"
"Tucker Banks",1,"[1460]"
"Griselda Barker",1,"[1461]"
"Madalyn Fitzgerald",3,"[1462,1829,3154]"
"Samantha Davis",1,"[1463]"
"Roma Rasmussen",2,"[1464,2781]"
"Violet Morales",1,"[1465]"
"Tim Glover",1,"[1466]"
"Lolita Todd",1,"[1467]"
"Hanna Dunn",1,"[1468]"
"Layla Foster",2,"[1470,1713]"
"Valerie Harrison",2,"[1471,1662]"
"Roxie Dodson",2,"[1472,2879]"
"Gabriel Holland",2,"[1473,2794]"
"Janell Nash",2,"[1474,1612]"
"Isabella Cole",1,"[1475]"
"Debroah Meyer",1,"[1476]"
"Lavada McBride",2,"[1478,2293]"
"Dylan Payne",2,"[1480,2889]"
"Debi Holland",1,"[1483]"
"Kerrie Carter",2,"[1484,2908]"
"Millie Kim",1,"[1485]"
"Deidra Alvarez",3,"[1488,2129,2577]"
"Amy Hansen",1,"[1490]"
"Pearl Trujillo",1,"[1491]"
"Chrystal Gonzales",2,"[1492,3117]"
"Viola Bowman",1,"[1493]"
"Elvira Santiago",2,"[1495,1529]"
"Rosella Turner",1,"[1498]"
"Carolyn Mack",1,"[1500]"
"Elouise Perkins",1,"[1501]"
"Olga Peterson",2,"[1502,2292]"
"Allyson Horton",1,"[1504]"
"Vina Randolph",2,"[1505,2692]"
"Brynn Solis",3,"[1507,2352,3008]"
"Malinda Pierce",2,"[1508,3139]"
"Diane Dawson",2,"[1513,2110]"
"Francine Mendez",1,"[1514]"
"Clarissa Zimmerman",1,"[1515]"
"Pandora Dawson",1,"[1516]"
"Fabian Benson",2,"[1517,2820]"
"Melinda Terrell",2,"[1519,2875]"
"Leanna Gates",2,"[1521,3092]"
"Yasmin Weaver",2,"[1522,2136]"
"Louella Acosta",1,"[1525]"
"Garrett Benson",3,"[1526,2358,3131]"
"Landon Rogers",2,"[1527,1874]"
"Margaret Rasmussen",1,"[1528]"
"Louella Stark",1,"[1531]"
"Jewel Fuller",1,"[1534]"
"Mozell Patterson",1,"[1535]"
"Jannet Patterson",2,"[1538,1574]"
"Dominique Weaver",2,"[1541,2303]"
"Devona Wood",1,"[1542]"
"Mabelle Cervantes",3,"[1543,2099,3227]"
"Gerardo Wong",2,"[1544,3316]"
"Kiana Fry",1,"[1545]"
"Nella Patel",2,"[1546,1729]"
"Amy Miller",1,"[1547]"
"Katherine Patterson",3,"[1550,2722,2910]"
"Marissa Patrick",1,"[1551]"
"Danae Schroeder",2,"[1552,2024]"
"Whitney Carlson",1,"[1553]"
"Elnora Fowler",1,"[1554]"
"Marlene Perkins",2,"[1555,1764]"
"Jada Oliver",2,"[1556,2487]"
"Gayla Short",1,"[1557]"
"Minerva Terrell",2,"[1558,3120]"
"June Benson",2,"[1559,1953]"
"Cassie James",2,"[1560,2205]"
"Helena Brown",1,"[1561]"
"Flor Bush",2,"[1563,1879]"
"Maegan Armstrong",2,"[1564,2356]"
"Patty Paul",1,"[1565]"
"Elizabeth Gross",3,"[1567,2053,2104]"
"Stacy Stout",3,"[1568,1791,2711]"
"Lacey Lewis",3,"[1571,2707,2740]"
"Cooper York",1,"[1572]"
"Salome Higgins",1,"[1573]"
"Willie Zimmerman",2,"[1575,2700]"
"Arlo Baldwin",1,"[1576]"
"Olivia Harrison",1,"[1581]"
"Alonso Ortiz",3,"[1582,1753,3134]"
"Brooklyn Sanchez",1,"[1584]"
"Corey Harris",1,"[1586]"
"Diana Gordon",1,"[1587]"
"Fran Ward",2,"[1588,2843]"
"Manuel Harrison",1,"[1590]"
"Sunny Gardner",1,"[1591]"
"Alana Gordon",2,"[1592,2633]"
"Emilia Buchanan",2,"[1594,2241]"
"Karyn Short",1,"[1595]"
"Ora West",1,"[1596]"
"Adan Gallagher",1,"[1598]"
"Echo Valdez",2,"[1601,2354]"
"Vilma Hall",2,"[1602,2916]"
"Kaitlyn Rasmussen",3,"[1603,1888,2277]"
"Cathleen Rivera",2,"[1604,2478]"
"Lola Wade",2,"[1605,3135]"
"Emilie Mendoza",1,"[1607]"
"Ozell Diaz",1,"[1608]"
"Oralia Rose",2,"[1610,2924]"
"Leonie Salazar",1,"[1613]"
"Marilyn York",2,"[1614,1619]"
"Hilary McBride",3,"[1615,2185,2737]"
"Lovie Orr",2,"[1617,1801]"
"Alexa Kelly",1,"[1618]"
"Leonie Maxwell",1,"[1620]"
"Pearl Holmes",1,"[1621]"
"Deana Anderson",2,"[1622,1914]"
"Addison Thomas",1,"[1623]"
"Janna Harrison",2,"[1624,2055]"
"Jill Phelps",1,"[1629]"
"Jordan Burns",1,"[1632]"
"Meryl Burns",3,"[1633,1845,3237]"
"Zena Perry",1,"[1634]"
"Marisol Trevino",1,"[1636]"
"Alice Robinson",3,"[1638,1781,2011]"
"Jasmine Bradley",2,"[1639,2632]"
"Florine Stevens",1,"[1640]"
"Rhoda Harrison",1,"[1641]"
"Courtney Daniels",1,"[1642]"
"Norma Lynch",2,"[1643,2911]"
"Letitia Lawson",2,"[1645,2626]"
"Clarice Martinez",1,"[1646]"
"Krysta Guerrero",1,"[1648]"
"Freda Stewart",1,"[1649]"
"Staci Zimmerman",1,"[1650]"
"Almina Palmer",1,"[1651]"
"Inez Parker",1,"[1652]"
"Marilyn May",3,"[1654,2495,3232]"
"Daniela Paul",1,"[1655]"
"Odie Gallagher",2,"[1656,2411]"
"Becky Stanley",1,"[1657]"
"Dylan Peterson",2,"[1660,2518]"
"Betty Villarreal",1,"[1663]"
"Christi Mills",1,"[1664]"
"Eden Parrish",1,"[1665]"
"Ginny Jacobs",1,"[1667]"
"Roxanna Ruiz",1,"[1670]"
"Maddison Buchanan",1,"[1671]"
"Lilly Ritter",2,"[1672,2464]"
"Therese Hoffman",2,"[1673,2663]"
"Emery Harris",1,"[1674]"
"Tobi Ross",1,"[1675]"
"Wilda Valdez",2,"[1676,2316]"
"Adeline Lamb",2,"[1677,3074]"
"Lulu Anderson",3,"[1678,2762,2783]"
"Cole Taylor",1,"[1680]"
"Harlan Vaughn",2,"[1681,2467]"
"Deena Marshall",1,"[1684]"
"Dorathy Kennedy",2,"[1686,2987]"
"Margaret Long",1,"[1688]"
"Gabrielle Torres",2,"[1690,2980]"
"Misty Garcia",1,"[1691]"
"Karyn Valencia",2,"[1692,2559]"
"Kevin Stout",1,"[1694]"
"Etta Hamilton",1,"[1695]"
"Silas Oneal",1,"[1697]"
"Elizabeth Paul",1,"[1698]"
"Lela Hawkins",1,"[1699]"
"Norma Norman",2,"[1700,2152]"
"Trena Bass",1,"[1703]"
"Vince Hamilton",1,"[1704]"
"Ebonie Fry",1,"[1706]"
"Oda Kim",1,"[1707]"
"Sheila White",2,"[1709,2391]"
"Zoe Perry",3,"[1711,2057,2957]"
"Sonja Graham",3,"[1712,1881,2549]"
"Katherine Chavez",1,"[1714]"
"Rosina Moore",2,"[1717,2880]"
"Vicente Cook",1,"[1718]"
"Grace Solis",1,"[1720]"
"Trudie Peck",1,"[1722]"
"Dianna Montgomery",3,"[1723,2866,3079]"
"Emilio Morgan",1,"[1724]"
"Thea Gomez",2,"[1725,2647]"
"Terresa Rose",2,"[1727,2876]"
"Lavonne Simmons",2,"[1728,2634]"
"Jenna Trujillo",1,"[1730]"
"Noreen Patterson",1,"[1733]"
"Lucila Myers",1,"[1734]"
"Candace Paul",2,"[1736,2718]"
"Emmanuel Schroeder",1,"[1738]"
"Caroline Cline",1,"[1739]"
"Max Gillespie",2,"[1740,3346]"
"Daphne Quintero",2,"[1741,3387]"
"Mikki Rose",2,"[1742,2600]"
"Tina Castillo",1,"[1743]"
"Glinda Ramirez",1,"[1744]"
"Dudley Walsh",1,"[1745]"
"Bianca Prince",2,"[1746,2044]"
"Albert Wilson",3,"[1748,2041,2638]"
"Chelsea Martin",1,"[1750]"
"Mozella Graham",2,"[1751,1824]"
"Jenny Carroll",2,"[1752,1965]"
"Miranda Finley",2,"[1754,2126]"
"Theresa Armstrong",1,"[1755]"
"Karyn Hart",2,"[1758,3236]"
"Leigh Brown",1,"[1759]"
"Megan Snow",1,"[1760]"
"Shena Rhodes",1,"[1765]"
"Parthenia Stephens",1,"[1766]"
"Verdie Miles",1,"[1767]"
"Anita Roberts",1,"[1768]"
"Forrest Reyes",1,"[1770]"
"Valencia Ritter",1,"[1772]"
"Etta Jacobs",1,"[1773]"
"Susana Sanders",3,"[1774,2251,3075]"
"Willie Duran",1,"[1775]"
"Latasha Sykes",2,"[1777,1868]"
"Olga Rasmussen",2,"[1778,2259]"
"Flora Hernandez",1,"[1779]"
"Madalyn Cochran",1,"[1782]"
"Loni Cole",1,"[1783]"
"Celestine Diaz",2,"[1784,2997]"
"Sylvia Walsh",1,"[1785]"
"Dorene Monroe",2,"[1786,2791]"
"Sharron Brooks",2,"[1787,3111]"
"Harlan McKee",1,"[1789]"
"Bernardo Diaz",3,"[1790,1952,2920]"
"Whitney McBride",2,"[1793,2642]"
"Maribeth Gallagher",2,"[1794,1862]"
"Jax Banks",1,"[1796]"
"Maddison Butler",1,"[1798]"
"Wilda Roberts",1,"[1799]"
"Leslie Hart",1,"[1800]"
"Diego Greene",1,"[1802]"
"Gloria Gardner",1,"[1805]"
"Socorro Bailey",1,"[1806]"
"Elyse Nguyen",1,"[1807]"
"Madaline Perez",1,"[1809]"
"Bonita Greene",1,"[1811]"
"Leanne Doyle",1,"[1812]"
"Magdalena Harper",2,"[1814,2364]"
"Tatiana Bell",3,"[1815,2369,3084]"
"Kirsten Williams",1,"[1816]"
"Jenna Flores",1,"[1818]"
"Coleen Pierce",1,"[1819]"
"Kaye Harvey",2,"[1820,3198]"
"Miriam Stout",1,"[1823]"
"Tarsha Wheeler",2,"[1825,2485]"
"Leslie Snow",2,"[1826,2978]"
"Ozell Hughes",2,"[1828,2095]"
"Rosella Horton",1,"[1831]"
"Gena Perkins",1,"[1833]"
"Marlena Marsh",1,"[1834]"
"Jean Nash",2,"[1835,2463]"
"Neta West",1,"[1838]"
"Thea Todd",1,"[1839]"
"Elisa Hawkins",1,"[1840]"
"Classie Shaffer",1,"[1842]"
"Brooke Tyler",1,"[1843]"
"Simone Walton",3,"[1844,2418,3234]"
"Riley Benson",2,"[1846,3191]"
"Wilfredo Dean",2,"[1847,3390]"
"Odell Kirk",1,"[1848]"
"Tim Leach",1,"[1850]"
"Virgie Reynolds",1,"[1851]"
"Estelle Gardner",2,"[1854,2567]"
"Tracy Odonnell",1,"[1855]"
"Gail Hudson",2,"[1856,2748]"
"Sallie Moore",2,"[1857,2654]"
"Morgan Palmer",2,"[1858,2271]"
"Wilma Hernandez",2,"[1859,2834]"
"Nannette Gibson",2,"[1860,2012]"
"Denise Pierce",2,"[1863,3063]"
"Tyesha Johnston",2,"[1864,3196]"
"Janelle Alvarez",2,"[1865,3384]"
"Miriam Pate",1,"[1869]"
"Danielle Jenkins",2,"[1870,2230]"
"Rosina Trevino",1,"[1871]"
"Ema Levy",1,"[1872]"
"Viola Ingram",1,"[1873]"
"Maryjane Curtis",1,"[1875]"
"Rosemary Gilbert",2,"[1877,1927]"
"Destiny Bell",2,"[1878,2139]"
"Janna Nelson",1,"[1882]"
"Emilee Bass",1,"[1883]"
"Ocie Allen",2,"[1884,3204]"
"Judy Lynch",2,"[1885,2180]"
"Lavonne Bishop",1,"[1886]"
"Effie Rush",1,"[1887]"
"Aisha Evans",1,"[1890]"
"Esperanza Miles",1,"[1892]"
"Theo Odom",2,"[1894,3070]"
"Jami Mack",1,"[1895]"
"Liliana Woods",1,"[1897]"
"Katelynn Ingram",1,"[1898]"
"Rolando Frazier",1,"[1899]"
"Gayle Vasquez",1,"[1900]"
"Brett Carr",1,"[1902]"
"Francene Lee",1,"[1903]"
"Jenise Stone",2,"[1904,2026]"
"Jenee May",1,"[1905]"
"Lauren Berry",1,"[1906]"
"Hadley Harmon",1,"[1907]"
"Kenya Fisher",3,"[1908,3071,3267]"
"Lizbeth Baldwin",2,"[1909,1972]"
"Mara Ruiz",2,"[1911,3380]"
"Gerry Rush",1,"[1912]"
"Julia Miller",1,"[1913]"
"Leila Pratt",1,"[1916]"
"Haywood Shepherd",1,"[1917]"
"Dorothy Ward",2,"[1919,1929]"
"Iris Quinn",2,"[1920,2317]"
"Martina Mills",2,"[1921,2823]"
"Cathy Buchanan",2,"[1922,2339]"
"Landon Ware",2,"[1931,3336]"
"Gail Chavez",1,"[1932]"
"Libby Simpson",1,"[1933]"
"Coleen Keller",1,"[1934]"
"Reva Sanders",1,"[1935]"
"Drew Finley",2,"[1936,2542]"
"Deana Lewis",2,"[1937,2454]"
"Shelly Mullen",1,"[1938]"
"Aida Green",1,"[1940]"
"Kristine Romero",1,"[1941]"
"Deloris Jacobs",1,"[1942]"
"Gina Hill",1,"[1943]"
"Rachel Reed",1,"[1944]"
"Caren Daniels",1,"[1945]"
"Valeria Baldwin",1,"[1946]"
"Dedra Howard",1,"[1947]"
"Jerlene Hansen",1,"[1948]"
"Mariela Hendricks",2,"[1949,3357]"
"Matilda Oliver",2,"[1951,2007]"
"Tawana Cannon",2,"[1956,2959]"
"Shawn Larsen",2,"[1959,2301]"
"Jadwiga Valencia",3,"[1961,2083,3145]"
"Elsie Keller",2,"[1963,2735]"
"Florence Wheeler",1,"[1964]"
"Kendra Rush",1,"[1967]"
"Daniela Jordan",1,"[1969]"
"Jack Walsh",1,"[1971]"
"Eliza Pate",1,"[1974]"
"Rosaria Wood",1,"[1976]"
"Marissa Cross",1,"[1977]"
"Georgia Green",2,"[1978,2443]"
"Orville Benson",1,"[1979]"
"Twila Powell",1,"[1981]"
"Reagan Orr",1,"[1982]"
"Pearl Alvarez",2,"[1983,2598]"
"Rutha White",1,"[1985]"
"Kelsi Wilson",1,"[1987]"
"Jeanette Gibson",1,"[1988]"
"Bessie Valencia",1,"[1989]"
"Sarah Kerr",1,"[1991]"
"Willie Dean",2,"[1992,2294]"
"Leanne Phillips",2,"[1994,2714]"
"Minnie Glover",1,"[1997]"
"Katlyn Adams",1,"[1998]"
"Darrel Trevino",1,"[1999]"
"Benjamin Norris",1,"[2000]"
"Kinsley Duke",2,"[2001,2744]"
"Sindy Mendoza",2,"[2005,3242]"
"Vicente Morris",1,"[2008]"
"Birdie Ritter",1,"[2009]"
"Fred Palmer",3,"[2013,2308,3222]"
"Edith Cochran",1,"[2014]"
"Samantha Hansen",1,"[2017]"
"Jackie Orr",1,"[2019]"
"Eliza Patrick",2,"[2020,2492]"
"Leslie Gonzalez",3,"[2021,2710,2759]"
"Dorene Russell",1,"[2023]"
"Marley Carlson",1,"[2025]"
"Luella Gonzales",2,"[2028,2773]"
"Porter Wright",1,"[2029]"
"Jami Cook",1,"[2031]"
"Tarsha Norman",1,"[2034]"
"Omega Robbins",1,"[2035]"
"Bennett Webb",2,"[2036,3151]"
"Willow Maxwell",2,"[2037,3383]"
"Maudie Stone",2,"[2038,3386]"
"Chelsie Benson",1,"[2040]"
"Kyla Murray",2,"[2042,2776]"
"Wren Cervantes",1,"[2046]"
"Houston Green",1,"[2047]"
"Lulu Graham",1,"[2048]"
"Shelby Collins",2,"[2049,2608]"
"Violet Kramer",1,"[2050]"
"Adalynn Hart",3,"[2052,2658,3126]"
"Mandy Lawson",2,"[2056,2948]"
"Trena Lloyd",1,"[2058]"
"Isabel Noble",1,"[2059]"
"Margie Davis",1,"[2060]"
"Danyel Campbell",1,"[2065]"
"Elaine Gonzalez",1,"[2066]"
"Georgette Chavez",2,"[2067,2461]"
"Kasey Munoz",1,"[2068]"
"Magdalena Lindsay",1,"[2070]"
"Oliva Guerrero",1,"[2072]"
"Salvador Lopez",2,"[2073,2445]"
"Bethany Floyd",1,"[2074]"
"Lise Coleman",1,"[2075]"
"Shelia Lam",1,"[2076]"
"Effie Gonzalez",2,"[2077,2456]"
"Summer Morales",1,"[2078]"
"Sharron Lamb",1,"[2079]"
"Delores Evans",1,"[2081]"
"Kenya Wheeler",3,"[2082,2640,3351]"
"Anna Stanley",1,"[2085]"
"Lea Freeman",1,"[2086]"
"Dannie Page",1,"[2087]"
"Tena Rose",2,"[2088,3265]"
"Finn Gutierrez",1,"[2089]"
"Riley Gray",2,"[2091,2165]"
"Nila Ford",1,"[2093]"
"Geneva Rivers",1,"[2094]"
"Tomas Preston",1,"[2096]"
"Leola Lindsay",1,"[2097]"
"Sindy Griffin",1,"[2100]"
"Jeanette White",2,"[2102,2572]"
"Maribel Flores",1,"[2105]"
"Gwendolyn Peck",2,"[2106,3153]"
"Napoleon Dunn",1,"[2108]"
"Katheryn Jordan",1,"[2111]"
"Elisabeth Parks",1,"[2113]"
"Zena Frazier",1,"[2114]"
"Tenesha Lynch",2,"[2115,3332]"
"Larissa Wells",1,"[2119]"
"Bette May",1,"[2120]"
"Jean Gonzales",1,"[2121]"
"Dina Marks",1,"[2127]"
"Riley Johnson",1,"[2128]"
"Nina Oneal",1,"[2131]"
"Bertha Weaver",1,"[2132]"
"Jeanne Hill",1,"[2133]"
"Leone Harrison",1,"[2135]"
"Alice Wyatt",1,"[2137]"
"Pearl Marks",1,"[2138]"
"Felipe Perkins",1,"[2140]"
"Margie Morris",1,"[2143]"
"Audrey Gordon",1,"[2144]"
"Kara White",2,"[2145,2881]"
"Louis Salazar",1,"[2147]"
"Carolina Fuller",2,"[2148,2343]"
"Norma Perez",1,"[2150]"
"Sofia Keller",1,"[2151]"
"Bianca Kramer",1,"[2153]"
"Gina Lloyd",1,"[2154]"
"Sofia Fleming",1,"[2156]"
"Leanna Robbins",1,"[2158]"
"Pennie Hanna",1,"[2159]"
"Hunter O'Brien",2,"[2163,3055]"
"Katharina Greene",1,"[2164]"
"Owen Freeman",3,"[2166,3217,3269]"
"Michelle Newman",3,"[2168,2210,2915]"
"Oda Stanley",3,"[2169,2462,2870]"
"Thurman Perkins",2,"[2170,3270]"
"Meta Hanna",1,"[2171]"
"Trudy Lee",1,"[2172]"
"Mimi Perez",3,"[2173,2347,3185]"
"Priscilla Shaffer",1,"[2174]"
"Deloris Goodwin",1,"[2175]"
"Tiffanie Carr",1,"[2176]"
"Nora Carr",1,"[2177]"
"Kathrine Gonzales",2,"[2179,2770]"
"Phillis Ruiz",1,"[2182]"
"Maybelle King",1,"[2184]"
"Katherine Cruz",1,"[2187]"
"Fay Lamb",1,"[2188]"
"Sindy Kramer",2,"[2193,2295]"
"Karin Fowler",1,"[2194]"
"Pansy Bell",1,"[2197]"
"Miranda Perry",2,"[2198,2646]"
"Lea Hammond",1,"[2199]"
"Violet Buchanan",2,"[2201,3330]"
"Lindy Ritter",2,"[2202,3174]"
"Phyllis Torres",2,"[2206,2656]"
"Lela Trujillo",2,"[2207,2703]"
"Hayden Jimenez",1,"[2208]"
"Tina Lambert",1,"[2209]"
"Gianna Foster",2,"[2211,2996]"
"Dee Lambert",1,"[2213]"
"Isabella Carr",1,"[2214]"
"Lula Graham",1,"[2215]"
"Lottie Patrick",2,"[2217,3188]"
"Jacinta May",1,"[2218]"
"Amber Pratt",1,"[2219]"
"Virgie Lindsay",1,"[2221]"
"Marie Wells",1,"[2222]"
"Serenity Chavez",1,"[2223]"
"Kirsten Buchanan",1,"[2224]"
"Jerilyn Patrick",1,"[2225]"
"Jettie Snyder",1,"[2226]"
"Hellen Dean",2,"[2228,3340]"
"Otilia Glover",1,"[2229]"
"Kyla Knapp",1,"[2232]"
"Latisha Keller",1,"[2234]"
"Marina Valdez",1,"[2238]"
"Fern Dixon",1,"[2239]"
"Juliana Fry",1,"[2240]"
"Diana Salazar",1,"[2242]"
"Ocie Brown",1,"[2243]"
"Susanna Valdez",1,"[2245]"
"Marlene Guzman",2,"[2247,2652]"
"Emma Hughes",1,"[2248]"
"Erma Thornton",2,"[2252,3311]"
"Nancy Rasmussen",1,"[2253]"
"Hilda Kennedy",1,"[2255]"
"Janessa Barnes",1,"[2256]"
"Roberta Berry",1,"[2257]"
"Della Frazier",2,"[2258,2423]"
"Jonna Buchanan",1,"[2260]"
"Rudy Bell",1,"[2263]"
"Denise Livingston",1,"[2265]"
"Griselda Jackson",2,"[2266,3190]"
"Linus Gardner",2,"[2267,3339]"
"Pearlie Wade",1,"[2268]"
"Michele Gates",3,"[2270,3138,3210]"
"Zena Dunn",1,"[2272]"
"Pamala Peterson",1,"[2273]"
"Kerrie Turner",1,"[2276]"
"Dorine Coleman",1,"[2278]"
"Doreen Summers",1,"[2279]"
"Victoria Guerrero",2,"[2280,2929]"
"Elnora McBride",1,"[2281]"
"Diana Reynolds",1,"[2285]"
"Francine Stephens",1,"[2288]"
"Rodolfo Proctor",2,"[2290,2665]"
"Stella Rogers",2,"[2291,3053]"
"Georgann Gordon",2,"[2296,2723]"
"Michelle Frank",2,"[2297,3272]"
"Easter English",1,"[2299]"
"Wanda Foster",1,"[2302]"
"Diana Daniels",1,"[2304]"
"Alejandra Pate",1,"[2305]"
"Hoyt Graham",1,"[2306]"
"Murray Terrell",2,"[2307,3013]"
"Roslyn Mendoza",1,"[2309]"
"Inell Patrick",1,"[2310]"
"Latoya Poole",1,"[2312]"
"Rosaria Brown",1,"[2313]"
"Roxie Smith",1,"[2318]"
"Pamela Orr",1,"[2319]"
"Pennie Santiago",1,"[2320]"
"Romona Finley",1,"[2322]"
"Zella Alexander",2,"[2323,3129]"
"Tania Hansen",3,"[2325,2575,2796]"
"Tai Gutierrez",2,"[2327,3022]"
"Ethel Gonzalez",3,"[2329,2398,2537]"
"Libby Adams",1,"[2331]"
"Trish O'Brien",1,"[2332]"
"Arlo Brooks",1,"[2333]"
"Hollie Rose",2,"[2334,2524]"
"Frances Bass",1,"[2338]"
"Shawna Combs",2,"[2340,2384]"
"Rosa Sullivan",2,"[2342,2886]"
"Aria Burns",2,"[2344,3235]"
"Erna Prince",1,"[2345]"
"Ian Simpson",1,"[2346]"
"Martina Gordon",1,"[2350]"
"Laci Randolph",1,"[2355]"
"Karin Alexander",1,"[2359]"
"Tucker Gonzalez",1,"[2360]"
"Effie Wong",1,"[2361]"
"Jean Oneal",1,"[2362]"
"Tana Holmes",1,"[2363]"
"Earline Hart",1,"[2365]"
"Russell Stark",1,"[2367]"
"Patricia Patterson",2,"[2370,2667]"
"Rigoberto Snyder",1,"[2371]"
"Linda Gibson",1,"[2372]"
"Fred Strong",1,"[2373]"
"Lovie Hale",1,"[2377]"
"Simone Sweeney",1,"[2379]"
"Teagan Burke",2,"[2383,2699]"
"Jestine Rasmussen",2,"[2387,3169]"
"Mae Poole",2,"[2388,3372]"
"Merilyn Todd",1,"[2389]"
"Jack Morris",1,"[2390]"
"Lonnie Harmon",2,"[2394,2728]"
"Terresa Livingston",1,"[2396]"
"Mathilda Baldwin",2,"[2400,2730]"
"Lindsay Marks",1,"[2401]"
"Max Wallace",1,"[2404]"
"Magdalena Hess",1,"[2405]"
"Diana Gilbert",1,"[2406]"
"Shari Wong",1,"[2407]"
"Jeannette Hudson",1,"[2408]"
"Shelia Kerr",2,"[2409,2721]"
"Gretchen McLaughlin",1,"[2410]"
"Gertie Norris",2,"[2412,3133]"
"Emery Gray",2,"[2413,2553]"
"Louis Snyder",1,"[2414]"
"Jocelyn Greene",1,"[2415]"
"Dolores Reyes",1,"[2416]"
"Kirsten Marsh",1,"[2417]"
"Mattie Johnson",1,"[2419]"
"Katie Alvarez",1,"[2420]"
"Clarice Harmon",1,"[2422]"
"Suzan Barton",1,"[2424]"
"Sallie Wood",1,"[2425]"
"Penny Weiss",1,"[2426]"
"Darlene Brown",1,"[2427]"
"Robin Perkins",1,"[2428]"
"Lavada Terrell",1,"[2430]"
"Iona Higgins",2,"[2431,3263]"
"Grant Carroll",1,"[2432]"
"Tierra Gross",1,"[2433]"
"Ines Pierce",1,"[2434]"
"Dale Klein",2,"[2435,2490]"
"Matilda Hunt",1,"[2436]"
"Lorri O'Brien",1,"[2437]"
"Lovie Carlson",1,"[2438]"
"Lauri Chavez",2,"[2439,2574]"
"Ardella Bryant",1,"[2440]"
"Sherri Kelly",1,"[2441]"
"Katie James",1,"[2444]"
"Kasey Padilla",1,"[2447]"
"Eleanor Simpson",2,"[2451,2800]"
"Evelina Russell",1,"[2452]"
"Florine Salazar",1,"[2459]"
"Donna Pate",1,"[2460]"
"Jettie Simpson",1,"[2468]"
"Jasper Duran",1,"[2470]"
"Grady Valdez",1,"[2471]"
"Gladys Hart",1,"[2473]"
"Samantha Hudson",3,"[2474,2842,2992]"
"Wendell Baker",1,"[2476]"
"Rebecca Valdez",1,"[2477]"
"Danica Matthews",1,"[2479]"
"Claudine York",1,"[2480]"
"Jennifer Spencer",1,"[2481]"
"Rudy Warren",2,"[2482,2672]"
"Susana Finley",1,"[2483]"
"Tarsha Larsen",1,"[2484]"
"Una English",1,"[2486]"
"Bonnie Powell",1,"[2491]"
"Maximiliano Sanders",1,"[2494]"
"Carla Jensen",2,"[2497,3144]"
"Tonia Kim",1,"[2498]"
"Dian Morgan",2,"[2500,2813]"
"Lise Walsh",1,"[2501]"
"Goldie Ramos",1,"[2502]"
"Gail McDaniel",2,"[2503,3314]"
"Isidro Klein",1,"[2505]"
"Alyce Morrison",1,"[2508]"
"Shanna Mendoza",1,"[2509]"
"Dewayne Stephens",1,"[2515]"
"Lashanda Bell",1,"[2516]"
"Brady Singleton",2,"[2519,2817]"
"Irma Marshall",1,"[2525]"
"Jenifer Leach",1,"[2526]"
"Jillian Burns",2,"[2528,3214]"
"Janie Palmer",1,"[2529]"
"Isabelle Higgins",1,"[2530]"
"Shelley Maxwell",1,"[2531]"
"Gage Perry",1,"[2532]"
"Judith Wheeler",1,"[2534]"
"Melinda Martin",2,"[2535,2857]"
"Fran Oliver",1,"[2536]"
"Alyssa Wells",1,"[2540]"
"Clarice Davis",1,"[2543]"
"Vonda Larsen",1,"[2544]"
"Zena Hess",2,"[2546,2758]"
"Alverta Bennett",1,"[2547]"
"Octavio Jones",3,"[2548,2657,2927]"
"Elodia Rivera",2,"[2552,3186]"
"Zola Pollard",1,"[2554]"
"Ardath Freeman",2,"[2558,2670]"
"Maribel Levy",1,"[2560]"
"Seth Carlson",1,"[2561]"
"Amalia Stark",1,"[2562]"
"Lulu McDaniel",1,"[2563]"
"Evette Weaver",1,"[2565]"
"Leonie Oneal",1,"[2566]"
"Trina Rush",1,"[2568]"
"Alexandria Chavez",1,"[2569]"
"Lona Guerrero",2,"[2571,2804]"
"Rosia Peck",2,"[2573,3143]"
"Michelle Sanders",1,"[2580]"
"Leatha Kim",1,"[2581]"
"Maria Ingram",1,"[2582]"
"Moira Graham",1,"[2588]"
"Ronna Randolph",1,"[2589]"
"Lina Evans",1,"[2590]"
"Yadira Jordan",1,"[2593]"
"Bettina Ortiz",2,"[2594,3141]"
"Elmira Munoz",1,"[2596]"
"Hester Weaver",1,"[2597]"
"Niki Long",1,"[2599]"
"Theron Frank",1,"[2601]"
"Antonette May",1,"[2602]"
"Dale Parrish",1,"[2603]"
"Gloria Burke",1,"[2604]"
"Mira Little",1,"[2605]"
"Bernardine Klein",1,"[2606]"
"Lucien Villarreal",1,"[2609]"
"Patricia Stewart",2,"[2610,2782]"
"Kirsten McDaniel",1,"[2611]"
"Tasha Mendoza",1,"[2612]"
"Kesha Austin",1,"[2615]"
"Juliette Austin",1,"[2617]"
"Zola Green",1,"[2619]"
"Hector Reynolds",1,"[2620]"
"Elena Williams",2,"[2621,3167]"
"Tanisha Short",1,"[2622]"
"Katelynn Ward",1,"[2623]"
"Ottilie Larson",2,"[2624,3046]"
"Ernestine Coleman",1,"[2635]"
"Marinda Morgan",1,"[2637]"
"Lily Romero",1,"[2639]"
"Maegan Frazier",1,"[2643]"
"Francisco Larson",1,"[2644]"
"Rosina Sweeney",1,"[2648]"
"Kaye Valencia",2,"[2649,2819]"
"Sylvester Mitchell",2,"[2660,2962]"
"Amanda Goodwin",2,"[2661,3142]"
"Ira Barnes",1,"[2666]"
"Lindsey Sanchez",1,"[2668]"
"Rena Taylor",1,"[2673]"
"Virgie Lane",1,"[2675]"
"Leah Montgomery",1,"[2676]"
"Latisha Sanchez",1,"[2679]"
"Earline Woods",2,"[2680,3308]"
"Sherrie Larson",2,"[2681,3247]"
"Desirae Cervantes",1,"[2682]"
"Janna Moore",1,"[2683]"
"Modesta Hess",1,"[2684]"
"Katelynn Rivers",1,"[2688]"
"Luna Kerr",1,"[2689]"
"Naomi Walsh",1,"[2690]"
"Brandon Lambert",1,"[2691]"
"April Patterson",1,"[2693]"
"Courtney Barber",2,"[2697,3096]"
"Lourdes Walton",1,"[2698]"
"Max Gardner",1,"[2701]"
"Minta Crane",1,"[2702]"
"Erica Taylor",1,"[2704]"
"Reagan Schroeder",1,"[2705]"
"Karan Pierce",1,"[2706]"
"Pansy Ritter",1,"[2708]"
"Sondra Simmons",1,"[2715]"
"Rosella Barber",1,"[2716]"
"Harrison Padilla",1,"[2726]"
"Trina Sanchez",1,"[2731]"
"Audrey Castillo",1,"[2732]"
"Zora Summers",1,"[2736]"
"Rosalind Hanna",1,"[2738]"
"Dedra Poole",1,"[2739]"
"Levi Hunt",2,"[2741,3295]"
"Denisse Baker",1,"[2745]"
"Jolie Parks",2,"[2746,3037]"
"Susann Keller",1,"[2749]"
"Joyce Cox",2,"[2752,3328]"
"Melvina Sweeney",1,"[2755]"
"Roxie Pierce",1,"[2756]"
"Rikki Lloyd",1,"[2760]"
"Nichelle McDaniel",1,"[2761]"
"Latonya Jordan",1,"[2763]"
"Florance Torres",1,"[2765]"
"Dian Alvarez",1,"[2766]"
"Ida Short",1,"[2767]"
"Gilda Roberts",1,"[2774]"
"Jacqueline Combs",1,"[2775]"
"Beula Livingston",1,"[2777]"
"Romaine Barton",1,"[2778]"
"Lia Bishop",1,"[2780]"
"April Randolph",1,"[2784]"
"Kacey English",1,"[2787]"
"Maryanne Melendez",1,"[2788]"
"Emilia Cook",1,"[2789]"
"Lindsay Levy",1,"[2792]"
"Latasha Todd",1,"[2793]"
"Blake Wood",1,"[2795]"
"Tomas Hanna",1,"[2798]"
"Grace Reynolds",1,"[2799]"
"Amy Tate",1,"[2802]"
"Laura Patterson",1,"[2803]"
"Tonia Benson",1,"[2806]"
"Rosa Larson",2,"[2808,2858]"
"Mathilda McLaughlin",1,"[2809]"
"Pansy Chavez",1,"[2811]"
"Danika Watson",1,"[2812]"
"Dionne McClain",1,"[2814]"
"Reginald Barton",2,"[2815,3059]"
"Sofia McClain",1,"[2816]"
"Tilda Hull",1,"[2822]"
"Josie Hunt",2,"[2825,2884]"
"Rena Cruz",1,"[2827]"
"Fernando Holmes",1,"[2828]"
"Gabriela Larson",1,"[2829]"
"Priscilla Monroe",1,"[2830]"
"Joyce Baldwin",1,"[2831]"
"Kylee Vaughn",2,"[2833,3072]"
"Nancie Carlson",1,"[2841]"
"Romona Yoder",1,"[2845]"
"Arlie Gonzales",2,"[2850,3097]"
"Monika Page",2,"[2851,3215]"
"Louis Marshall",1,"[2853]"
"Meta Ritter",2,"[2855,3319]"
"Latisha Ramirez",1,"[2856]"
"Wilfredo Matthews",1,"[2859]"
"Jayne Larsen",1,"[2860]"
"Emma Kelly",1,"[2861]"
"Otha Bailey",1,"[2862]"
"Angel James",2,"[2863,3309]"
"Kathrine Austin",1,"[2864]"
"Thalia Larson",1,"[2865]"
"Dominique James",2,"[2868,3349]"
"Shannon Howell",2,"[2871,2877]"
"Kittie Ruiz",1,"[2872]"
"Tisha Duke",1,"[2873]"
"Fae Ross",1,"[2883]"
"Melodie Ware",1,"[2885]"
"Jewell Ortiz",1,"[2887]"
"Dana Hawkins",1,"[2888]"
"Annette Fletcher",1,"[2893]"
"Rhea English",3,"[2894,2972,3389]"
"Lashonda Klein",1,"[2895]"
"Chelsea Noble",2,"[2896,3040]"
"Ivory Hunt",1,"[2897]"
"Rosa Jackson",1,"[2898]"
"Gay Lopez",1,"[2899]"
"Oma Knapp",1,"[2900]"
"Letha Williamson",1,"[2901]"
"Leila English",1,"[2902]"
"Tabatha Barnes",1,"[2906]"
"Joyce Harris",1,"[2913]"
"Maryann Trevino",1,"[2914]"
"Hazel Larson",1,"[2918]"
"Martha Sullivan",1,"[2919]"
"Krista Harmon",1,"[2926]"
"Melody Chavez",1,"[2928]"
"Riley Bass",1,"[2931]"
"Paige Ramirez",1,"[2932]"
"Daniele Trujillo",1,"[2934]"
"Jazmin Stanley",2,"[2935,3121]"
"Rubye Campbell",1,"[2936]"
"Nelly Larson",1,"[2937]"
"Paige Hull",1,"[2940]"
"Zena Fry",1,"[2942]"
"Louann Matthews",1,"[2943]"
"Janell Harmon",1,"[2945]"
"Joshua McBride",1,"[2947]"
"Lilly Martin",1,"[2949]"
"Lavada Hoffman",1,"[2951]"
"Mason Thompson",1,"[2953]"
"Ilene Payne",1,"[2955]"
"Loretta Freeman",1,"[2956]"
"Kathy Orr",1,"[2958]"
"Tasha Walton",1,"[2963]"
"Magdalena Clark",1,"[2964]"
"Stella Marshall",1,"[2969]"
"Juliana Noble",1,"[2970]"
"Isabella Pollard",1,"[2971]"
"Audra Quinn",1,"[2973]"
"Santos Allen",1,"[2975]"
"Sherri Bass",1,"[2976]"
"Otilia Graham",1,"[2977]"
"Maribeth Williamson",1,"[2983]"
"Sofia Pierce",1,"[2985]"
"Quinn Stevens",1,"[2986]"
"Nancie Green",2,"[2988,3321]"
"Georgette Frazier",1,"[2990]"
"Sallie Marshall",1,"[2991]"
"Louisa Hughes",1,"[2993]"
"Latisha Gonzales",1,"[2994]"
"Suzann Higgins",1,"[2998]"
"Lorena Stuart",1,"[2999]"
"Natasha Larson",1,"[3000]"
"Alma Preston",1,"[3001]"
"Otilia Clark",1,"[3004]"
"Juliet McGuire",1,"[3006]"
"Jill Hernandez",1,"[3007]"
"Katherine Cooper",1,"[3010]"
"Shelby Fox",1,"[3011]"
"Daryl Mendoza",1,"[3012]"
"Leila Daniels",1,"[3016]"
"Zeta Guerrero",1,"[3018]"
"Lamar Cline",1,"[3019]"
"Dora Montgomery",1,"[3020]"
"Liana Cline",1,"[3021]"
"Sergio Fleming",1,"[3023]"
"Gabriela Armstrong",1,"[3025]"
"Clifford Logan",1,"[3027]"
"Odell Smith",1,"[3029]"
"Eden Woods",1,"[3032]"
"Lolita Barnes",1,"[3033]"
"Mitzi Logan",2,"[3034,3296]"
"Marilyn Hill",1,"[3038]"
"Maribeth Smith",1,"[3039]"
"Margarette Russell",1,"[3043]"
"Victor Graham",2,"[3044,3324]"
"Lecia Perez",1,"[3047]"
"Jenifer Marks",1,"[3048]"
"Kerri Shepherd",1,"[3049]"
"Stella Romero",1,"[3050]"
"Anastasia Martin",2,"[3051,3147]"
"Lala Barker",1,"[3052]"
"Lorenzo Ritter",1,"[3054]"
"Lea Snyder",2,"[3056,3233]"
"Lynn Roberts",1,"[3057]"
"Devora Palmer",1,"[3060]"
"Max Goodwin",1,"[3062]"
"Makenzie Pate",1,"[3064]"
"Patty Brooks",1,"[3068]"
"Roberta Santiago",1,"[3073]"
"Shelley Villarreal",1,"[3077]"
"Fairy Thornton",1,"[3078]"
"Sabina Hall",1,"[3080]"
"Hedwig Hanna",1,"[3081]"
"Georgeann Turner",1,"[3082]"
"Marina Martinez",1,"[3087]"
"Lincoln Flores",1,"[3088]"
"Wade Fisher",1,"[3089]"
"Arlo Ortiz",1,"[3090]"
"Oleta Carlson",1,"[3094]"
"Jessica Ellis",1,"[3095]"
"Leilani Allen",1,"[3098]"
"Beverly Sweeney",1,"[3103]"
"Margie Torres",1,"[3106]"
"Sandra Parks",1,"[3109]"
"Naomi Ramirez",1,"[3110]"
"Victoria Gray",1,"[3112]"
"Viola Foster",2,"[3114,3208]"
"Graham Stewart",1,"[3118]"
"Susan Ward",1,"[3122]"
"Lecia Rhodes",2,"[3123,3226]"
"Marvel Odonnell",2,"[3124,3254]"
"Griselda Payne",1,"[3125]"
"Shena Paul",1,"[3127]"
"Devorah Lambert",1,"[3128]"
"Casey Perry",1,"[3130]"
"Lesley Johnston",1,"[3132]"
"James Hunt",1,"[3136]"
"Catherine Wood",1,"[3137]"
"Jasper Wood",1,"[3140]"
"Khloe Anderson",1,"[3146]"
"Eileen Fox",1,"[3149]"
"Shelley Hanson",1,"[3150]"
"Christene Austin",1,"[3152]"
"Lisa Reynolds",1,"[3155]"
"Octavia Garcia",1,"[3158]"
"Icie Burke",1,"[3160]"
"Hannah Gibson",1,"[3162]"
"Kay Henderson",1,"[3164]"
"Pamala Anderson",1,"[3166]"
"Kassandra Henderson",1,"[3168]"
"Ardis Lambert",1,"[3170]"
"Hope Morgan",1,"[3172]"
"Martina Snow",1,"[3173]"
"Lidia Butler",1,"[3176]"
"Fay Simmons",2,"[3178,3363]"
"Rafael Gray",1,"[3179]"
"Genevieve Reynolds",1,"[3182]"
"Flossie Wilkinson",1,"[3187]"
"Alva Kline",1,"[3192]"
"Golda Young",1,"[3194]"
"Cruz Hayes",1,"[3195]"
"Lessie Snow",1,"[3200]"
"Letha Harper",1,"[3201]"
"Lola Carroll",1,"[3205]"
"Elfreda Hughes",1,"[3206]"
"Leonie Frazier",1,"[3207]"
"Kennedi Peck",1,"[3209]"
"Virginia Wyatt",1,"[3211]"
"Hope Parks",1,"[3212]"
"Latoya Williamson",1,"[3213]"
"Carolyn Livingston",1,"[3218]"
"Kaitlyn Dean",1,"[3219]"
"Channie Levy",1,"[3224]"
"Chasity Gutierrez",1,"[3228]"
"Riley Wade",1,"[3230]"
"Deidre Shepherd",1,"[3239]"
"Emma Garcia",1,"[3240]"
"Silas Roberts",1,"[3241]"
"Daphne Solis",1,"[3243]"
"Geneva Snyder",1,"[3246]"
"Gianna Stuart",1,"[3249]"
"Leonie Matthews",1,"[3251]"
"Trisha Banks",2,"[3252,3370]"
"Lorraine Wells",1,"[3253]"
"Chelsie Chavez",1,"[3255]"
"Verda Webb",1,"[3256]"
"Carrie Freeman",1,"[3262]"
"Katlyn Maxwell",1,"[3264]"
"Graciela Knapp",1,"[3268]"
"Sheri Fuller",1,"[3271]"
"Heidi McGuire",1,"[3273]"
"Harry Stanley",1,"[3274]"
"Janice Mitchell",1,"[3276]"
"Jenna Lamb",1,"[3277]"
"Eunice Salazar",1,"[3278]"
"Maryann Zimmerman",1,"[3279]"
"Riley Lawson",1,"[3281]"
"Kandi Gordon",1,"[3283]"
"Tarsha Palmer",1,"[3285]"
"Karan Bishop",1,"[3286]"
"Iris Frank",1,"[3287]"
"Ione Rogers",2,"[3288,3299]"
"Kaylee Palmer",1,"[3290]"
"Krysta Larson",1,"[3292]"
"Lonnie Gardner",1,"[3293]"
"Leticia Butler",1,"[3303]"
"Sabina Butler",2,"[3305,3315]"
"Kimberley Crane",1,"[3306]"
"Lessie Noble",1,"[3310]"
"Marilyn Reynolds",1,"[3312]"
"Dora Bryant",1,"[3318]"
"Celestine Valdez",1,"[3325]"
"Rene Anderson",2,"[3327,3353]"
"Pat Wilkinson",1,"[3329]"
"Kathrine Palmer",1,"[3333]"
"Melva Buchanan",1,"[3335]"
"Mariann Mitchell",1,"[3342]"
"Paige Allen",1,"[3343]"
"Priscilla Green",1,"[3345]"
"Debra Pate",1,"[3347]"
"Esperanza Stuart",1,"[3348]"
"Isabelle Fisher",1,"[3352]"
"Myra Harmon",1,"[3354]"
"Viva Diaz",1,"[3355]"
"Chase Klein",1,"[3356]"
"Susan Gonzales",1,"[3359]"
"Inez Harrison",1,"[3361]"
"Latanya Scott",1,"[3365]"
"Florence Hammond",1,"[3366]"
"Payton Gallagher",1,"[3367]"
"Candice Odonnell",1,"[3368]"
"Bonnie Simpson",1,"[3369]"
"Lola Lopez",1,"[3371]"
"Sabina Quintero",1,"[3376]"
"Lacey Barber",1,"[3377]"
"Polly Maldonado",1,"[3378]"
"Merilyn Levy",1,"[3381]"
"Lolita McClain",1,"[3382]"
"Alva Pratt",1,"[3385]"
"Jill Knapp",1,"[3388]"